[2025-11-13 05:51:54Z INFO HostContext] No proxy settings were found based on environmental variables (http_proxy/https_proxy/HTTP_PROXY/HTTPS_PROXY)
[2025-11-13 05:51:54Z INFO HostContext] Well known directory 'Bin': 'C:\Users\hemang.jindal\ai_news\actions-runner\bin'
[2025-11-13 05:51:54Z INFO HostContext] Well known directory 'Root': 'C:\Users\hemang.jindal\ai_news\actions-runner'
[2025-11-13 05:51:54Z INFO HostContext] Well known config file 'Credentials': 'C:\Users\hemang.jindal\ai_news\actions-runner\.credentials'
[2025-11-13 05:51:54Z INFO HostContext] Well known directory 'Bin': 'C:\Users\hemang.jindal\ai_news\actions-runner\bin'
[2025-11-13 05:51:54Z INFO HostContext] Well known directory 'Root': 'C:\Users\hemang.jindal\ai_news\actions-runner'
[2025-11-13 05:51:54Z INFO HostContext] Well known config file 'Runner': 'C:\Users\hemang.jindal\ai_news\actions-runner\.runner'
[2025-11-13 05:51:54Z INFO Worker] Version: 2.329.0
[2025-11-13 05:51:54Z INFO Worker] Commit: c76c59996c8fa32e989164a5a695efb12608ae5a
[2025-11-13 05:51:54Z INFO Worker] Culture: en-US
[2025-11-13 05:51:54Z INFO Worker] UI Culture: en-US
[2025-11-13 05:51:54Z INFO Worker] Waiting to receive the job message from the channel.
[2025-11-13 05:51:54Z INFO ProcessChannel] Receiving message of length 21178, with hash '7811a110a93fa1b82099590982636ccffeca52c6d0bce50523bef54f79472f2a'
[2025-11-13 05:51:54Z INFO Worker] Message received.
[2025-11-13 05:51:54Z INFO Worker] Job message:
 {
  "fileTable": [
    ".github/workflows/crewai-pipeline.yml"
  ],
  "mask": [
    {
      "type": "regex",
      "value": "***"
    },
    {
      "type": "regex",
      "value": "***"
    },
    {
      "type": "regex",
      "value": "***"
    },
    {
      "type": "regex",
      "value": "***"
    },
    {
      "type": "regex",
      "value": "***"
    },
    {
      "type": "regex",
      "value": "***"
    },
    {
      "type": "regex",
      "value": "***"
    },
    {
      "type": "regex",
      "value": "***"
    },
    {
      "type": "regex",
      "value": "***"
    },
    {
      "type": "regex",
      "value": "***"
    },
    {
      "type": "regex",
      "value": "***"
    },
    {
      "type": "regex",
      "value": "***"
    },
    {
      "type": "regex",
      "value": "***"
    },
    {
      "type": "regex",
      "value": "***"
    },
    {
      "type": "regex",
      "value": "***"
    },
    {
      "type": "regex",
      "value": "***"
    },
    {
      "type": "regex",
      "value": "***"
    },
    {
      "type": "regex",
      "value": "***"
    }
  ],
  "steps": [
    {
      "type": "action",
      "reference": {
        "type": "repository",
        "name": "actions/checkout",
        "ref": "v4",
        "repositoryType": "GitHub"
      },
      "displayNameToken": {
        "type": 0,
        "file": 1,
        "line": 19,
        "col": 13,
        "lit": "📥 Checkout code"
      },
      "contextName": "__actions_checkout",
      "condition": "success()",
      "id": "3170bc3b-06b0-4a56-a8ee-b0529f2abbed",
      "name": "__actions_checkout"
    },
    {
      "type": "action",
      "reference": {
        "type": "repository",
        "name": "actions/setup-python",
        "ref": "v5",
        "repositoryType": "GitHub"
      },
      "displayNameToken": {
        "type": 0,
        "file": 1,
        "line": 22,
        "col": 13,
        "lit": "🐍 Set up Python"
      },
      "contextName": "__actions_setup-python",
      "inputs": {
        "type": 2,
        "file": 1,
        "line": 25,
        "col": 9,
        "map": [
          {
            "key": {
              "type": 0,
              "file": 1,
              "line": 25,
              "col": 9,
              "lit": "python-version"
            },
            "value": {
              "type": 0,
              "file": 1,
              "line": 25,
              "col": 25,
              "lit": "3.11"
            }
          }
        ]
      },
      "condition": "success()",
      "id": "1e798c46-262a-4b5d-a8c3-0f9b87faf326",
      "name": "__actions_setup-python"
    },
    {
      "type": "action",
      "reference": {
        "type": "repository",
        "name": "actions/cache",
        "ref": "v4",
        "repositoryType": "GitHub"
      },
      "displayNameToken": {
        "type": 0,
        "file": 1,
        "line": 27,
        "col": 13,
        "lit": "💾 Cache uv virtualenv"
      },
      "contextName": "__actions_cache",
      "inputs": {
        "type": 2,
        "file": 1,
        "line": 30,
        "col": 9,
        "map": [
          {
            "key": {
              "type": 0,
              "file": 1,
              "line": 30,
              "col": 9,
              "lit": "path"
            },
            "value": {
              "type": 0,
              "file": 1,
              "line": 30,
              "col": 15,
              "lit": ".venv"
            }
          },
          {
            "key": {
              "type": 0,
              "file": 1,
              "line": 31,
              "col": 9,
              "lit": "key"
            },
            "value": {
              "type": 3,
              "file": 1,
              "line": 31,
              "col": 14,
              "expr": "format('{0}-uv-{1}', runner.os, hashFiles('**/pyproject.toml'))"
            }
          },
          {
            "key": {
              "type": 0,
              "file": 1,
              "line": 32,
              "col": 9,
              "lit": "restore-keys"
            },
            "value": {
              "type": 3,
              "file": 1,
              "line": 32,
              "col": 23,
              "expr": "format('{0}-uv-\n', runner.os)"
            }
          }
        ]
      },
      "condition": "success()",
      "id": "8366ecf7-2043-4f8f-8e75-a69392113025",
      "name": "__actions_cache"
    },
    {
      "type": "action",
      "reference": {
        "type": "script"
      },
      "displayNameToken": {
        "type": 0,
        "file": 1,
        "line": 35,
        "col": 13,
        "lit": "📦 Install uv"
      },
      "contextName": "__run",
      "inputs": {
        "type": 2,
        "map": [
          {
            "key": "script",
            "value": {
              "type": 0,
              "file": 1,
              "line": 36,
              "col": 12,
              "lit": "curl -LsSf https://astral.sh/uv/install.sh | sh\necho \"$HOME/.cargo/bin\" >> $GITHUB_PATH\n"
            }
          }
        ]
      },
      "condition": "success()",
      "id": "62637458-8fe3-47d9-961e-83433cbc0142",
      "name": "__run"
    },
    {
      "type": "action",
      "reference": {
        "type": "script"
      },
      "displayNameToken": {
        "type": 0,
        "file": 1,
        "line": 40,
        "col": 13,
        "lit": "🔧 Install dependencies"
      },
      "contextName": "__run_2",
      "inputs": {
        "type": 2,
        "map": [
          {
            "key": "script",
            "value": {
              "type": 0,
              "file": 1,
              "line": 41,
              "col": 12,
              "lit": "if [ ! -d \".venv\" ]; then\n  uv venv\nfi\nsource .venv/bin/activate\nuv pip install -e .\n"
            }
          }
        ]
      },
      "condition": "success()",
      "id": "ec97f97d-212d-4107-ba92-6fdac313e932",
      "name": "__run_2"
    },
    {
      "type": "action",
      "reference": {
        "type": "script"
      },
      "displayNameToken": {
        "type": 0,
        "file": 1,
        "line": 50,
        "col": 13,
        "lit": "🤖 Run CrewAI"
      },
      "contextName": "__run_3",
      "environment": {
        "type": 2,
        "file": 1,
        "line": 52,
        "col": 9,
        "map": [
          {
            "key": {
              "type": 0,
              "file": 1,
              "line": 52,
              "col": 9,
              "lit": "GEMINI_API_KEY"
            },
            "value": {
              "type": 3,
              "file": 1,
              "line": 52,
              "col": 25,
              "expr": "secrets.GEMINI_API_KEY"
            }
          },
          {
            "key": {
              "type": 0,
              "file": 1,
              "line": 53,
              "col": 9,
              "lit": "SERPER_API_KEY"
            },
            "value": {
              "type": 3,
              "file": 1,
              "line": 53,
              "col": 25,
              "expr": "secrets.SERPER_API_KEY"
            }
          },
          {
            "key": {
              "type": 0,
              "file": 1,
              "line": 54,
              "col": 9,
              "lit": "NEWS_TOPIC"
            },
            "value": {
              "type": 0,
              "file": 1,
              "line": 54,
              "col": 21,
              "lit": "latest AI developments"
            }
          }
        ]
      },
      "inputs": {
        "type": 2,
        "map": [
          {
            "key": "script",
            "value": {
              "type": 0,
              "file": 1,
              "line": 55,
              "col": 12,
              "lit": "set -e  # stop on first error\necho \"Start time: $(date)\"\nls -la\nls -la .venv || echo \"❌ No .venv found!\"\nsource .venv/bin/activate\nwhich python\nwhich crewai || echo \"❌ CrewAI not installed!\"\nmkdir -p output\necho \"Running CrewAI...\"\nPYTHONUNBUFFERED=1 crewai run > output/news_report.md 2> output/logs.txt || echo \"❌ crewai run failed!\"\necho \"End time: $(date)\"\n"
            }
          }
        ]
      },
      "condition": "success()",
      "id": "47e842c0-c471-4042-a5e6-ffffab8a7c79",
      "name": "__run_3"
    },
    {
      "type": "action",
      "reference": {
        "type": "repository",
        "name": "actions/upload-artifact",
        "ref": "v4",
        "repositoryType": "GitHub"
      },
      "displayNameToken": {
        "type": 0,
        "file": 1,
        "line": 70,
        "col": 13,
        "lit": "📤 Upload results"
      },
      "contextName": "__actions_upload-artifact",
      "inputs": {
        "type": 2,
        "file": 1,
        "line": 74,
        "col": 9,
        "map": [
          {
            "key": {
              "type": 0,
              "file": 1,
              "line": 74,
              "col": 9,
              "lit": "name"
            },
            "value": {
              "type": 3,
              "file": 1,
              "line": 74,
              "col": 15,
              "expr": "format('news-report-{0}', github.run_number)"
            }
          },
          {
            "key": {
              "type": 0,
              "file": 1,
              "line": 75,
              "col": 9,
              "lit": "path"
            },
            "value": {
              "type": 0,
              "file": 1,
              "line": 75,
              "col": 15,
              "lit": "output/"
            }
          },
          {
            "key": {
              "type": 0,
              "file": 1,
              "line": 76,
              "col": 9,
              "lit": "retention-days"
            },
            "value": {
              "type": 0,
              "file": 1,
              "line": 76,
              "col": 25,
              "lit": "30"
            }
          }
        ]
      },
      "condition": "always()",
      "id": "8ca89048-3a6a-46ee-a33b-ecc240e84f8f",
      "name": "__actions_upload-artifact"
    }
  ],
  "variables": {
    "Actions.EnableHttpRedirects": {
      "value": "true"
    },
    "DistributedTask.AddWarningToNode12Action": {
      "value": "true"
    },
    "DistributedTask.AddWarningToNode16Action": {
      "value": "true"
    },
    "DistributedTask.AllowRunnerContainerHooks": {
      "value": "true"
    },
    "DistributedTask.DeprecateStepOutputCommands": {
      "value": "true"
    },
    "DistributedTask.DetailUntarFailure": {
      "value": "true"
    },
    "DistributedTask.EnableCompositeActions": {
      "value": "true"
    },
    "DistributedTask.EnableJobServerQueueTelemetry": {
      "value": "true"
    },
    "DistributedTask.EnhancedAnnotations": {
      "value": "true"
    },
    "DistributedTask.ForceGithubJavascriptActionsToNode16": {
      "value": "true"
    },
    "DistributedTask.ForceGithubJavascriptActionsToNode20": {
      "value": "true"
    },
    "DistributedTask.LogTemplateErrorsAsDebugMessages": {
      "value": "true"
    },
    "DistributedTask.MarkJobAsFailedOnWorkerCrash": {
      "value": "true"
    },
    "DistributedTask.NewActionMetadata": {
      "value": "true"
    },
    "DistributedTask.UploadStepSummary": {
      "value": "true"
    },
    "DistributedTask.UseActionArchiveCache": {
      "value": "true"
    },
    "DistributedTask.UseWhich2": {
      "value": "true"
    },
    "GEMINI_API_KEY": {
      "value": "***",
      "isSecret": true
    },
    "RunService.FixEmbeddedIssues": {
      "value": "true"
    },
    "SERPER_API_KEY": {
      "value": "***",
      "isSecret": true
    },
    "actions_add_check_run_id_to_job_context": {
      "value": "true"
    },
    "actions_container_action_runner_temp": {
      "value": "false"
    },
    "actions_display_helpful_actions_download_errors": {
      "value": "true"
    },
    "actions_skip_retry_complete_job_upon_known_errors": {
      "value": "true"
    },
    "actions_uses_cache_service_v2": {
      "value": "true"
    },
    "github_token": {
      "value": "***",
      "isSecret": true
    },
    "system.from_run_service": {
      "value": "true"
    },
    "system.github.job": {
      "value": "run-crew"
    },
    "system.github.launch_endpoint": {
      "value": "https://launch.actions.githubusercontent.com"
    },
    "system.github.results_endpoint": {
      "value": "https://results-receiver.actions.githubusercontent.com/"
    },
    "system.github.results_upload_with_sdk": {
      "value": "true"
    },
    "system.github.token": {
      "value": "***",
      "isSecret": true
    },
    "system.github.token.permissions": {
      "value": "{\"Contents\":\"read\",\"Metadata\":\"read\",\"Packages\":\"read\"}"
    },
    "system.orchestrationId": {
      "value": "de345fa1-a5b1-4896-8942-c6af5eaaa428.run-crew.__default"
    },
    "system.phaseDisplayName": {
      "value": "run-crew"
    },
    "system.runner.lowdiskspacethreshold": {
      "value": "100"
    },
    "system.runnerEnvironment": {
      "value": "self-hosted"
    },
    "system.runnerGroupName": {
      "value": "Default"
    }
  },
  "messageType": "RunnerJobRequest",
  "plan": {
    "scopeIdentifier": "00000000-0000-0000-0000-000000000000",
    "planType": "actions",
    "version": 0,
    "planId": "de345fa1-a5b1-4896-8942-c6af5eaaa428",
    "planGroup": null,
    "artifactUri": null,
    "artifactLocation": null,
    "definition": null,
    "owner": null
  },
  "timeline": {
    "id": "de345fa1-a5b1-4896-8942-c6af5eaaa428",
    "changeId": 0,
    "location": null
  },
  "jobId": "5594781e-653a-5d01-9577-2be474ba1e1c",
  "jobDisplayName": "run-crew",
  "jobName": "__default",
  "requestId": 0,
  "lockedUntil": "0001-01-01T00:00:00",
  "resources": {
    "endpoints": [
      {
        "data": {
          "ServerId": "",
          "ServerName": "",
          "CacheServerUrl": "https://artifactcache.actions.githubusercontent.com/cNmCEhTZXBL3swuE0yKxdNy3zIZkQCUgj6WU3g8pf95EOJ0ywJ/",
          "FeedStreamUrl": "wss://results-receiver.actions.githubusercontent.com/_ws/ingest.sock",
          "ResultsServiceUrl": "https://results-receiver.actions.githubusercontent.com/",
          "PipelinesServiceUrl": "https://pipelinesghubeus7.actions.githubusercontent.com/cNmCEhTZXBL3swuE0yKxdNy3zIZkQCUgj6WU3g8pf95EOJ0ywJ/",
          "GenerateIdTokenUrl": ""
        },
        "name": "SystemVssConnection",
        "url": "https://run-actions-3-azure-eastus.actions.githubusercontent.com/117/",
        "authorization": {
          "parameters": {
            "AccessToken": "***"
          },
          "scheme": "OAuth"
        },
        "isShared": false,
        "isReady": true
      }
    ]
  },
  "contextData": {
    "github": {
      "t": 2,
      "d": [
        {
          "k": "ref",
          "v": "refs/heads/main"
        },
        {
          "k": "sha",
          "v": "7e8cd77798bab88b620b94e6ada7751326bb814e"
        },
        {
          "k": "repository",
          "v": "HemangJindal07/crew-ai-"
        },
        {
          "k": "repository_owner",
          "v": "HemangJindal07"
        },
        {
          "k": "repository_owner_id",
          "v": "229883408"
        },
        {
          "k": "repositoryUrl",
          "v": "git://github.com/HemangJindal07/crew-ai-.git"
        },
        {
          "k": "run_id",
          "v": "19321916694"
        },
        {
          "k": "run_number",
          "v": "30"
        },
        {
          "k": "retention_days",
          "v": "90"
        },
        {
          "k": "run_attempt",
          "v": "2"
        },
        {
          "k": "artifact_cache_size_limit",
          "v": "10"
        },
        {
          "k": "repository_visibility",
          "v": "public"
        },
        {
          "k": "actor_id",
          "v": "229883408"
        },
        {
          "k": "actor",
          "v": "HemangJindal07"
        },
        {
          "k": "workflow",
          "v": "CrewAI News Pipeline"
        },
        {
          "k": "head_ref",
          "v": ""
        },
        {
          "k": "base_ref",
          "v": ""
        },
        {
          "k": "event_name",
          "v": "workflow_dispatch"
        },
        {
          "k": "server_url",
          "v": "https://github.com"
        },
        {
          "k": "api_url",
          "v": "https://api.github.com"
        },
        {
          "k": "graphql_url",
          "v": "https://api.github.com/graphql"
        },
        {
          "k": "ref_name",
          "v": "main"
        },
        {
          "k": "ref_protected",
          "v": false
        },
        {
          "k": "ref_type",
          "v": "branch"
        },
        {
          "k": "secret_source",
          "v": "Actions"
        },
        {
          "k": "event",
          "v": {
            "t": 2,
            "d": [
              {
                "k": "inputs",
                "v": null
              },
              {
                "k": "ref",
                "v": "refs/heads/main"
              },
              {
                "k": "repository",
                "v": {
                  "t": 2,
                  "d": [
                    {
                      "k": "allow_forking",
                      "v": true
                    },
                    {
                      "k": "archive_url",
                      "v": "https://api.github.com/repos/HemangJindal07/crew-ai-/{archive_format}{/ref}"
                    },
                    {
                      "k": "archived",
                      "v": false
                    },
                    {
                      "k": "assignees_url",
                      "v": "https://api.github.com/repos/HemangJindal07/crew-ai-/assignees{/user}"
                    },
                    {
                      "k": "blobs_url",
                      "v": "https://api.github.com/repos/HemangJindal07/crew-ai-/git/blobs{/sha}"
                    },
                    {
                      "k": "branches_url",
                      "v": "https://api.github.com/repos/HemangJindal07/crew-ai-/branches{/branch}"
                    },
                    {
                      "k": "clone_url",
                      "v": "https://github.com/HemangJindal07/crew-ai-.git"
                    },
                    {
                      "k": "collaborators_url",
                      "v": "https://api.github.com/repos/HemangJindal07/crew-ai-/collaborators{/collaborator}"
                    },
                    {
                      "k": "comments_url",
                      "v": "https://api.github.com/repos/HemangJindal07/crew-ai-/comments{/number}"
                    },
                    {
                      "k": "commits_url",
                      "v": "https://api.github.com/repos/HemangJindal07/crew-ai-/commits{/sha}"
                    },
                    {
                      "k": "compare_url",
                      "v": "https://api.github.com/repos/HemangJindal07/crew-ai-/compare/{base}...{head}"
                    },
                    {
                      "k": "contents_url",
                      "v": "https://api.github.com/repos/HemangJindal07/crew-ai-/contents/{+path}"
                    },
                    {
                      "k": "contributors_url",
                      "v": "https://api.github.com/repos/HemangJindal07/crew-ai-/contributors"
                    },
                    {
                      "k": "created_at",
                      "v": "2025-11-07T11:40:20Z"
                    },
                    {
                      "k": "default_branch",
                      "v": "main"
                    },
                    {
                      "k": "deployments_url",
                      "v": "https://api.github.com/repos/HemangJindal07/crew-ai-/deployments"
                    },
                    {
                      "k": "description",
                      "v": null
                    },
                    {
                      "k": "disabled",
                      "v": false
                    },
                    {
                      "k": "downloads_url",
                      "v": "https://api.github.com/repos/HemangJindal07/crew-ai-/downloads"
                    },
                    {
                      "k": "events_url",
                      "v": "https://api.github.com/repos/HemangJindal07/crew-ai-/events"
                    },
                    {
                      "k": "fork",
                      "v": false
                    },
                    {
                      "k": "forks",
                      "v": 0.0
                    },
                    {
                      "k": "forks_count",
                      "v": 0.0
                    },
                    {
                      "k": "forks_url",
                      "v": "https://api.github.com/repos/HemangJindal07/crew-ai-/forks"
                    },
                    {
                      "k": "full_name",
                      "v": "HemangJindal07/crew-ai-"
                    },
                    {
                      "k": "git_commits_url",
                      "v": "https://api.github.com/repos/HemangJindal07/crew-ai-/git/commits{/sha}"
                    },
                    {
                      "k": "git_refs_url",
                      "v": "https://api.github.com/repos/HemangJindal07/crew-ai-/git/refs{/sha}"
                    },
                    {
                      "k": "git_tags_url",
                      "v": "https://api.github.com/repos/HemangJindal07/crew-ai-/git/tags{/sha}"
                    },
                    {
                      "k": "git_url",
                      "v": "git://github.com/HemangJindal07/crew-ai-.git"
                    },
                    {
                      "k": "has_discussions",
                      "v": false
                    },
                    {
                      "k": "has_downloads",
                      "v": true
                    },
                    {
                      "k": "has_issues",
                      "v": true
                    },
                    {
                      "k": "has_pages",
                      "v": false
                    },
                    {
                      "k": "has_projects",
                      "v": true
                    },
                    {
                      "k": "has_wiki",
                      "v": true
                    },
                    {
                      "k": "homepage",
                      "v": null
                    },
                    {
                      "k": "hooks_url",
                      "v": "https://api.github.com/repos/HemangJindal07/crew-ai-/hooks"
                    },
                    {
                      "k": "html_url",
                      "v": "https://github.com/HemangJindal07/crew-ai-"
                    },
                    {
                      "k": "id",
                      "v": 1091697471.0
                    },
                    {
                      "k": "is_template",
                      "v": false
                    },
                    {
                      "k": "issue_comment_url",
                      "v": "https://api.github.com/repos/HemangJindal07/crew-ai-/issues/comments{/number}"
                    },
                    {
                      "k": "issue_events_url",
                      "v": "https://api.github.com/repos/HemangJindal07/crew-ai-/issues/events{/number}"
                    },
                    {
                      "k": "issues_url",
                      "v": "https://api.github.com/repos/HemangJindal07/crew-ai-/issues{/number}"
                    },
                    {
                      "k": "keys_url",
                      "v": "https://api.github.com/repos/HemangJindal07/crew-ai-/keys{/key_id}"
                    },
                    {
                      "k": "labels_url",
                      "v": "https://api.github.com/repos/HemangJindal07/crew-ai-/labels{/name}"
                    },
                    {
                      "k": "language",
                      "v": "JavaScript"
                    },
                    {
                      "k": "languages_url",
                      "v": "https://api.github.com/repos/HemangJindal07/crew-ai-/languages"
                    },
                    {
                      "k": "license",
                      "v": null
                    },
                    {
                      "k": "merges_url",
                      "v": "https://api.github.com/repos/HemangJindal07/crew-ai-/merges"
                    },
                    {
                      "k": "milestones_url",
                      "v": "https://api.github.com/repos/HemangJindal07/crew-ai-/milestones{/number}"
                    },
                    {
                      "k": "mirror_url",
                      "v": null
                    },
                    {
                      "k": "name",
                      "v": "crew-ai-"
                    },
                    {
                      "k": "node_id",
                      "v": "R_kgDOQRH7Pw"
                    },
                    {
                      "k": "notifications_url",
                      "v": "https://api.github.com/repos/HemangJindal07/crew-ai-/notifications{?since,all,participating}"
                    },
                    {
                      "k": "open_issues",
                      "v": 0.0
                    },
                    {
                      "k": "open_issues_count",
                      "v": 0.0
                    },
                    {
                      "k": "owner",
                      "v": {
                        "t": 2,
                        "d": [
                          {
                            "k": "avatar_url",
                            "v": "https://avatars.githubusercontent.com/u/229883408?v=4"
                          },
                          {
                            "k": "events_url",
                            "v": "https://api.github.com/users/HemangJindal07/events{/privacy}"
                          },
                          {
                            "k": "followers_url",
                            "v": "https://api.github.com/users/HemangJindal07/followers"
                          },
                          {
                            "k": "following_url",
                            "v": "https://api.github.com/users/HemangJindal07/following{/other_user}"
                          },
                          {
                            "k": "gists_url",
                            "v": "https://api.github.com/users/HemangJindal07/gists{/gist_id}"
                          },
                          {
                            "k": "gravatar_id",
                            "v": ""
                          },
                          {
                            "k": "html_url",
                            "v": "https://github.com/HemangJindal07"
                          },
                          {
                            "k": "id",
                            "v": 229883408.0
                          },
                          {
                            "k": "login",
                            "v": "HemangJindal07"
                          },
                          {
                            "k": "node_id",
                            "v": "U_kgDODbO-EA"
                          },
                          {
                            "k": "organizations_url",
                            "v": "https://api.github.com/users/HemangJindal07/orgs"
                          },
                          {
                            "k": "received_events_url",
                            "v": "https://api.github.com/users/HemangJindal07/received_events"
                          },
                          {
                            "k": "repos_url",
                            "v": "https://api.github.com/users/HemangJindal07/repos"
                          },
                          {
                            "k": "site_admin",
                            "v": false
                          },
                          {
                            "k": "starred_url",
                            "v": "https://api.github.com/users/HemangJindal07/starred{/owner}{/repo}"
                          },
                          {
                            "k": "subscriptions_url",
                            "v": "https://api.github.com/users/HemangJindal07/subscriptions"
                          },
                          {
                            "k": "type",
                            "v": "User"
                          },
                          {
                            "k": "url",
                            "v": "https://api.github.com/users/HemangJindal07"
                          },
                          {
                            "k": "user_view_type",
                            "v": "public"
                          }
                        ]
                      }
                    },
                    {
                      "k": "private",
                      "v": false
                    },
                    {
                      "k": "pulls_url",
                      "v": "https://api.github.com/repos/HemangJindal07/crew-ai-/pulls{/number}"
                    },
                    {
                      "k": "pushed_at",
                      "v": "2025-11-13T05:24:08Z"
                    },
                    {
                      "k": "releases_url",
                      "v": "https://api.github.com/repos/HemangJindal07/crew-ai-/releases{/id}"
                    },
                    {
                      "k": "size",
                      "v": 252.0
                    },
                    {
                      "k": "ssh_url",
                      "v": "git@github.com:HemangJindal07/crew-ai-.git"
                    },
                    {
                      "k": "stargazers_count",
                      "v": 0.0
                    },
                    {
                      "k": "stargazers_url",
                      "v": "https://api.github.com/repos/HemangJindal07/crew-ai-/stargazers"
                    },
                    {
                      "k": "statuses_url",
                      "v": "https://api.github.com/repos/HemangJindal07/crew-ai-/statuses/{sha}"
                    },
                    {
                      "k": "subscribers_url",
                      "v": "https://api.github.com/repos/HemangJindal07/crew-ai-/subscribers"
                    },
                    {
                      "k": "subscription_url",
                      "v": "https://api.github.com/repos/HemangJindal07/crew-ai-/subscription"
                    },
                    {
                      "k": "svn_url",
                      "v": "https://github.com/HemangJindal07/crew-ai-"
                    },
                    {
                      "k": "tags_url",
                      "v": "https://api.github.com/repos/HemangJindal07/crew-ai-/tags"
                    },
                    {
                      "k": "teams_url",
                      "v": "https://api.github.com/repos/HemangJindal07/crew-ai-/teams"
                    },
                    {
                      "k": "topics",
                      "v": {
                        "t": 1
                      }
                    },
                    {
                      "k": "trees_url",
                      "v": "https://api.github.com/repos/HemangJindal07/crew-ai-/git/trees{/sha}"
                    },
                    {
                      "k": "updated_at",
                      "v": "2025-11-13T05:24:17Z"
                    },
                    {
                      "k": "url",
                      "v": "https://api.github.com/repos/HemangJindal07/crew-ai-"
                    },
                    {
                      "k": "visibility",
                      "v": "public"
                    },
                    {
                      "k": "watchers",
                      "v": 0.0
                    },
                    {
                      "k": "watchers_count",
                      "v": 0.0
                    },
                    {
                      "k": "web_commit_signoff_required",
                      "v": false
                    }
                  ]
                }
              },
              {
                "k": "sender",
                "v": {
                  "t": 2,
                  "d": [
                    {
                      "k": "avatar_url",
                      "v": "https://avatars.githubusercontent.com/u/229883408?v=4"
                    },
                    {
                      "k": "events_url",
                      "v": "https://api.github.com/users/HemangJindal07/events{/privacy}"
                    },
                    {
                      "k": "followers_url",
                      "v": "https://api.github.com/users/HemangJindal07/followers"
                    },
                    {
                      "k": "following_url",
                      "v": "https://api.github.com/users/HemangJindal07/following{/other_user}"
                    },
                    {
                      "k": "gists_url",
                      "v": "https://api.github.com/users/HemangJindal07/gists{/gist_id}"
                    },
                    {
                      "k": "gravatar_id",
                      "v": ""
                    },
                    {
                      "k": "html_url",
                      "v": "https://github.com/HemangJindal07"
                    },
                    {
                      "k": "id",
                      "v": 229883408.0
                    },
                    {
                      "k": "login",
                      "v": "HemangJindal07"
                    },
                    {
                      "k": "node_id",
                      "v": "U_kgDODbO-EA"
                    },
                    {
                      "k": "organizations_url",
                      "v": "https://api.github.com/users/HemangJindal07/orgs"
                    },
                    {
                      "k": "received_events_url",
                      "v": "https://api.github.com/users/HemangJindal07/received_events"
                    },
                    {
                      "k": "repos_url",
                      "v": "https://api.github.com/users/HemangJindal07/repos"
                    },
                    {
                      "k": "site_admin",
                      "v": false
                    },
                    {
                      "k": "starred_url",
                      "v": "https://api.github.com/users/HemangJindal07/starred{/owner}{/repo}"
                    },
                    {
                      "k": "subscriptions_url",
                      "v": "https://api.github.com/users/HemangJindal07/subscriptions"
                    },
                    {
                      "k": "type",
                      "v": "User"
                    },
                    {
                      "k": "url",
                      "v": "https://api.github.com/users/HemangJindal07"
                    },
                    {
                      "k": "user_view_type",
                      "v": "public"
                    }
                  ]
                }
              },
              {
                "k": "workflow",
                "v": ".github/workflows/crewai-pipeline.yml"
              }
            ]
          }
        },
        {
          "k": "workflow_ref",
          "v": "HemangJindal07/crew-ai-/.github/workflows/crewai-pipeline.yml@refs/heads/main"
        },
        {
          "k": "workflow_sha",
          "v": "7e8cd77798bab88b620b94e6ada7751326bb814e"
        },
        {
          "k": "repository_id",
          "v": "1091697471"
        },
        {
          "k": "triggering_actor",
          "v": "HemangJindal07"
        }
      ]
    },
    "inputs": {
      "t": 2
    },
    "job": {
      "t": 2,
      "d": [
        {
          "k": "check_run_id",
          "v": 55265019210.0
        }
      ]
    },
    "matrix": null,
    "needs": {
      "t": 2
    },
    "strategy": {
      "t": 2,
      "d": [
        {
          "k": "fail-fast",
          "v": true
        },
        {
          "k": "job-index",
          "v": 0.0
        },
        {
          "k": "job-total",
          "v": 1.0
        },
        {
          "k": "max-parallel",
          "v": 1.0
        }
      ]
    },
    "vars": {
      "t": 2
    }
  },
  "billingOwnerId": "U_kgDODbO-EA"
}
[2025-11-13 05:51:54Z INFO JobRunner] Job ID 5594781e-653a-5d01-9577-2be474ba1e1c
[2025-11-13 05:51:54Z INFO ConfigurationStore] currentAssemblyLocation: C:\Users\hemang.jindal\ai_news\actions-runner\bin\Runner.Worker.dll
[2025-11-13 05:51:54Z INFO HostContext] Well known directory 'Bin': 'C:\Users\hemang.jindal\ai_news\actions-runner\bin'
[2025-11-13 05:51:54Z INFO ConfigurationStore] binPath: C:\Users\hemang.jindal\ai_news\actions-runner\bin
[2025-11-13 05:51:54Z INFO HostContext] Well known directory 'Bin': 'C:\Users\hemang.jindal\ai_news\actions-runner\bin'
[2025-11-13 05:51:54Z INFO HostContext] Well known directory 'Root': 'C:\Users\hemang.jindal\ai_news\actions-runner'
[2025-11-13 05:51:54Z INFO ConfigurationStore] RootFolder: C:\Users\hemang.jindal\ai_news\actions-runner
[2025-11-13 05:51:54Z INFO HostContext] Well known directory 'Bin': 'C:\Users\hemang.jindal\ai_news\actions-runner\bin'
[2025-11-13 05:51:54Z INFO HostContext] Well known directory 'Root': 'C:\Users\hemang.jindal\ai_news\actions-runner'
[2025-11-13 05:51:54Z INFO HostContext] Well known config file 'Runner': 'C:\Users\hemang.jindal\ai_news\actions-runner\.runner'
[2025-11-13 05:51:54Z INFO ConfigurationStore] ConfigFilePath: C:\Users\hemang.jindal\ai_news\actions-runner\.runner
[2025-11-13 05:51:54Z INFO HostContext] Well known directory 'Bin': 'C:\Users\hemang.jindal\ai_news\actions-runner\bin'
[2025-11-13 05:51:54Z INFO HostContext] Well known directory 'Root': 'C:\Users\hemang.jindal\ai_news\actions-runner'
[2025-11-13 05:51:54Z INFO HostContext] Well known config file 'MigratedRunner': 'C:\Users\hemang.jindal\ai_news\actions-runner\.runner_migrated'
[2025-11-13 05:51:54Z INFO ConfigurationStore] MigratedConfigFilePath: C:\Users\hemang.jindal\ai_news\actions-runner\.runner_migrated
[2025-11-13 05:51:54Z INFO HostContext] Well known directory 'Bin': 'C:\Users\hemang.jindal\ai_news\actions-runner\bin'
[2025-11-13 05:51:54Z INFO HostContext] Well known directory 'Root': 'C:\Users\hemang.jindal\ai_news\actions-runner'
[2025-11-13 05:51:54Z INFO HostContext] Well known config file 'Credentials': 'C:\Users\hemang.jindal\ai_news\actions-runner\.credentials'
[2025-11-13 05:51:54Z INFO ConfigurationStore] CredFilePath: C:\Users\hemang.jindal\ai_news\actions-runner\.credentials
[2025-11-13 05:51:54Z INFO HostContext] Well known directory 'Bin': 'C:\Users\hemang.jindal\ai_news\actions-runner\bin'
[2025-11-13 05:51:54Z INFO HostContext] Well known directory 'Root': 'C:\Users\hemang.jindal\ai_news\actions-runner'
[2025-11-13 05:51:54Z INFO HostContext] Well known config file 'MigratedCredentials': 'C:\Users\hemang.jindal\ai_news\actions-runner\.credentials_migrated'
[2025-11-13 05:51:54Z INFO ConfigurationStore] MigratedCredFilePath: C:\Users\hemang.jindal\ai_news\actions-runner\.credentials_migrated
[2025-11-13 05:51:54Z INFO HostContext] Well known directory 'Bin': 'C:\Users\hemang.jindal\ai_news\actions-runner\bin'
[2025-11-13 05:51:54Z INFO HostContext] Well known directory 'Root': 'C:\Users\hemang.jindal\ai_news\actions-runner'
[2025-11-13 05:51:54Z INFO HostContext] Well known config file 'Service': 'C:\Users\hemang.jindal\ai_news\actions-runner\.service'
[2025-11-13 05:51:54Z INFO ConfigurationStore] ServiceConfigFilePath: C:\Users\hemang.jindal\ai_news\actions-runner\.service
[2025-11-13 05:51:54Z INFO ConfigurationStore] Read setting file: 399 chars
[2025-11-13 05:51:54Z INFO JobRunner] Initializing launch client
[2025-11-13 05:51:54Z INFO JobServerQueue] Initializing results client
[2025-11-13 05:51:54Z INFO ResultServer] Creating websocket client ...wss://results-receiver.actions.githubusercontent.com/_ws/ingest.sock
[2025-11-13 05:51:54Z INFO ResultServer] Attempting to start websocket client with delay 00:00:00.
[2025-11-13 05:51:54Z INFO JobServerQueue] Start process web console line queue.
[2025-11-13 05:51:54Z INFO JobServerQueue] Start process file upload queue.
[2025-11-13 05:51:54Z INFO JobServerQueue] Start results file upload queue.
[2025-11-13 05:51:54Z INFO JobServerQueue] Starting results-based upload queue...
[2025-11-13 05:51:54Z INFO JobServerQueue] Start process timeline update queue.
[2025-11-13 05:51:54Z INFO ExecutionContext] Initializing Job context
[2025-11-13 05:51:54Z INFO ExecutionContext] Initialize GitHub context
[2025-11-13 05:51:54Z INFO ExecutionContext] Initialize Env context
[2025-11-13 05:51:54Z INFO HostContext] Well known directory 'Bin': 'C:\Users\hemang.jindal\ai_news\actions-runner\bin'
[2025-11-13 05:51:54Z INFO HostContext] Well known directory 'Root': 'C:\Users\hemang.jindal\ai_news\actions-runner'
[2025-11-13 05:51:54Z INFO HostContext] Well known directory 'Diag': 'C:\Users\hemang.jindal\ai_news\actions-runner\_diag'
[2025-11-13 05:51:54Z INFO HostContext] Well known directory 'Bin': 'C:\Users\hemang.jindal\ai_news\actions-runner\bin'
[2025-11-13 05:51:54Z INFO HostContext] Well known directory 'Root': 'C:\Users\hemang.jindal\ai_news\actions-runner'
[2025-11-13 05:51:54Z INFO HostContext] Well known directory 'Diag': 'C:\Users\hemang.jindal\ai_news\actions-runner\_diag'
[2025-11-13 05:51:54Z INFO JobRunner] Starting the job execution context.
[2025-11-13 05:51:54Z INFO HostContext] Well known directory 'Bin': 'C:\Users\hemang.jindal\ai_news\actions-runner\bin'
[2025-11-13 05:51:54Z INFO HostContext] Well known directory 'Root': 'C:\Users\hemang.jindal\ai_news\actions-runner'
[2025-11-13 05:51:54Z INFO HostContext] Well known directory 'Work': 'C:\Users\hemang.jindal\ai_news\actions-runner\_work'
[2025-11-13 05:51:54Z INFO JobRunner] Validating directory permissions for: 'C:\Users\hemang.jindal\ai_news\actions-runner\_work'
[2025-11-13 05:51:54Z INFO HostContext] Well known directory 'Bin': 'C:\Users\hemang.jindal\ai_news\actions-runner\bin'
[2025-11-13 05:51:54Z INFO HostContext] Well known directory 'Root': 'C:\Users\hemang.jindal\ai_news\actions-runner'
[2025-11-13 05:51:54Z INFO HostContext] Well known directory 'Work': 'C:\Users\hemang.jindal\ai_news\actions-runner\_work'
[2025-11-13 05:51:54Z INFO HostContext] Well known directory 'Tools': 'C:\Users\hemang.jindal\ai_news\actions-runner\_work\_tool'
[2025-11-13 05:51:54Z INFO HostContext] Well known directory 'Bin': 'C:\Users\hemang.jindal\ai_news\actions-runner\bin'
[2025-11-13 05:51:54Z INFO HostContext] Well known directory 'Root': 'C:\Users\hemang.jindal\ai_news\actions-runner'
[2025-11-13 05:51:54Z INFO HostContext] Well known directory 'Work': 'C:\Users\hemang.jindal\ai_news\actions-runner\_work'
[2025-11-13 05:51:54Z INFO HostContext] Well known directory 'Temp': 'C:\Users\hemang.jindal\ai_news\actions-runner\_work\_temp'
[2025-11-13 05:51:54Z INFO JobRunner] Getting job extension.
[2025-11-13 05:51:54Z INFO JobRunner] Initialize job. Getting all job steps.
[2025-11-13 05:51:54Z INFO HostContext] Well known directory 'Bin': 'C:\Users\hemang.jindal\ai_news\actions-runner\bin'
[2025-11-13 05:51:54Z INFO HostContext] Well known directory 'Root': 'C:\Users\hemang.jindal\ai_news\actions-runner'
[2025-11-13 05:51:54Z INFO HostContext] Well known directory 'Diag': 'C:\Users\hemang.jindal\ai_news\actions-runner\_diag'
[2025-11-13 05:51:54Z INFO HostContext] Well known directory 'Bin': 'C:\Users\hemang.jindal\ai_news\actions-runner\bin'
[2025-11-13 05:51:54Z INFO HostContext] Well known directory 'Root': 'C:\Users\hemang.jindal\ai_news\actions-runner'
[2025-11-13 05:51:54Z INFO HostContext] Well known directory 'Diag': 'C:\Users\hemang.jindal\ai_news\actions-runner\_diag'
[2025-11-13 05:51:54Z INFO HostContext] Well known directory 'Bin': 'C:\Users\hemang.jindal\ai_news\actions-runner\bin'
[2025-11-13 05:51:54Z INFO HostContext] Well known directory 'Root': 'C:\Users\hemang.jindal\ai_news\actions-runner'
[2025-11-13 05:51:54Z INFO HostContext] Well known config file 'Credentials': 'C:\Users\hemang.jindal\ai_news\actions-runner\.credentials'
[2025-11-13 05:51:54Z INFO HostContext] Well known directory 'Bin': 'C:\Users\hemang.jindal\ai_news\actions-runner\bin'
[2025-11-13 05:51:54Z INFO HostContext] Well known directory 'Root': 'C:\Users\hemang.jindal\ai_news\actions-runner'
[2025-11-13 05:51:54Z INFO HostContext] Well known config file 'SetupInfo': 'C:\Users\hemang.jindal\ai_news\actions-runner\.setup_info'
[2025-11-13 05:51:54Z INFO HostContext] Well known directory 'Bin': 'C:\Users\hemang.jindal\ai_news\actions-runner\bin'
[2025-11-13 05:51:54Z INFO HostContext] Well known directory 'Root': 'C:\Users\hemang.jindal\ai_news\actions-runner'
[2025-11-13 05:51:54Z INFO HostContext] Well known directory 'Work': 'C:\Users\hemang.jindal\ai_news\actions-runner\_work'
[2025-11-13 05:51:54Z INFO PipelineDirectoryManager] Loading tracking config if exists: C:\Users\hemang.jindal\ai_news\actions-runner\_work\_PipelineMapping\HemangJindal07/crew-ai-\PipelineFolder.json
[2025-11-13 05:51:54Z INFO PipelineDirectoryManager] Updating job run properties.
[2025-11-13 05:51:54Z INFO HostContext] Well known directory 'Bin': 'C:\Users\hemang.jindal\ai_news\actions-runner\bin'
[2025-11-13 05:51:54Z INFO HostContext] Well known directory 'Root': 'C:\Users\hemang.jindal\ai_news\actions-runner'
[2025-11-13 05:51:54Z INFO HostContext] Well known directory 'Work': 'C:\Users\hemang.jindal\ai_news\actions-runner\_work'
[2025-11-13 05:51:54Z INFO HostContext] Well known directory 'Bin': 'C:\Users\hemang.jindal\ai_news\actions-runner\bin'
[2025-11-13 05:51:54Z INFO HostContext] Well known directory 'Root': 'C:\Users\hemang.jindal\ai_news\actions-runner'
[2025-11-13 05:51:54Z INFO HostContext] Well known directory 'Work': 'C:\Users\hemang.jindal\ai_news\actions-runner\_work'
[2025-11-13 05:51:54Z INFO HostContext] Well known directory 'Bin': 'C:\Users\hemang.jindal\ai_news\actions-runner\bin'
[2025-11-13 05:51:54Z INFO HostContext] Well known directory 'Root': 'C:\Users\hemang.jindal\ai_news\actions-runner'
[2025-11-13 05:51:54Z INFO HostContext] Well known directory 'Work': 'C:\Users\hemang.jindal\ai_news\actions-runner\_work'
[2025-11-13 05:51:54Z INFO JobExtension] Downloading actions
[2025-11-13 05:51:54Z INFO HostContext] Well known directory 'Bin': 'C:\Users\hemang.jindal\ai_news\actions-runner\bin'
[2025-11-13 05:51:54Z INFO HostContext] Well known directory 'Root': 'C:\Users\hemang.jindal\ai_news\actions-runner'
[2025-11-13 05:51:54Z INFO HostContext] Well known directory 'Work': 'C:\Users\hemang.jindal\ai_news\actions-runner\_work'
[2025-11-13 05:51:54Z INFO HostContext] Well known directory 'Actions': 'C:\Users\hemang.jindal\ai_news\actions-runner\_work\_actions'
[2025-11-13 05:51:55Z INFO Worker] Listening for cancel message from the channel.
[2025-11-13 05:51:55Z INFO Worker] Waiting for the job to complete or for a cancel message from the channel.
[2025-11-13 05:51:55Z INFO ResultServer] Successfully started websocket client.
[2025-11-13 05:51:55Z INFO JobServerQueue] Try to append 1 batches web console lines for record 'f4aa03db-0422-4d6d-8884-948485bffb07', success rate: 1/1.
[2025-11-13 05:51:56Z INFO JobServerQueue] Try to append 1 batches web console lines for record 'f4aa03db-0422-4d6d-8884-948485bffb07', success rate: 1/1.
[2025-11-13 05:51:56Z INFO JobServerQueue] Job timeline record has been updated for the first time.
[2025-11-13 05:51:56Z INFO HostContext] Well known directory 'Bin': 'C:\Users\hemang.jindal\ai_news\actions-runner\bin'
[2025-11-13 05:51:56Z INFO HostContext] Well known directory 'Root': 'C:\Users\hemang.jindal\ai_news\actions-runner'
[2025-11-13 05:51:56Z INFO HostContext] Well known directory 'Work': 'C:\Users\hemang.jindal\ai_news\actions-runner\_work'
[2025-11-13 05:51:56Z INFO HostContext] Well known directory 'Actions': 'C:\Users\hemang.jindal\ai_news\actions-runner\_work\_actions'
[2025-11-13 05:51:56Z INFO HostContext] Well known directory 'Bin': 'C:\Users\hemang.jindal\ai_news\actions-runner\bin'
[2025-11-13 05:51:56Z INFO HostContext] Well known directory 'Root': 'C:\Users\hemang.jindal\ai_news\actions-runner'
[2025-11-13 05:51:56Z INFO HostContext] Well known directory 'Work': 'C:\Users\hemang.jindal\ai_news\actions-runner\_work'
[2025-11-13 05:51:56Z INFO HostContext] Well known directory 'Actions': 'C:\Users\hemang.jindal\ai_news\actions-runner\_work\_actions'
[2025-11-13 05:51:56Z INFO ActionManager] Save archive 'https://api.github.com/repos/actions/checkout/zipball/08eba0b27e820071cde6df949e0beb9ba4906955' into C:\Users\hemang.jindal\ai_news\actions-runner\_work\_actions\_temp_a07fa491-8ffe-4dfa-9d7f-463c1abda7bc\7ad93f52-8ddf-4769-8f00-871de0050fa8.zip.
[2025-11-13 05:51:57Z INFO JobServerQueue] Try to append 1 batches web console lines for record 'f4aa03db-0422-4d6d-8884-948485bffb07', success rate: 1/1.
[2025-11-13 05:51:58Z INFO ActionManager] Request URL: https://api.github.com/repos/actions/checkout/zipball/08eba0b27e820071cde6df949e0beb9ba4906955 X-GitHub-Request-Id: C4E6:304466:246AC:143E51:691571FD Http Status: OK
[2025-11-13 05:51:59Z INFO ActionManager] Finished getting action repository.
[2025-11-13 05:51:59Z INFO HostContext] Well known directory 'Bin': 'C:\Users\hemang.jindal\ai_news\actions-runner\bin'
[2025-11-13 05:51:59Z INFO HostContext] Well known directory 'Root': 'C:\Users\hemang.jindal\ai_news\actions-runner'
[2025-11-13 05:51:59Z INFO HostContext] Well known directory 'Work': 'C:\Users\hemang.jindal\ai_news\actions-runner\_work'
[2025-11-13 05:51:59Z INFO HostContext] Well known directory 'Actions': 'C:\Users\hemang.jindal\ai_news\actions-runner\_work\_actions'
[2025-11-13 05:51:59Z INFO HostContext] Well known directory 'Bin': 'C:\Users\hemang.jindal\ai_news\actions-runner\bin'
[2025-11-13 05:51:59Z INFO HostContext] Well known directory 'Root': 'C:\Users\hemang.jindal\ai_news\actions-runner'
[2025-11-13 05:51:59Z INFO HostContext] Well known directory 'Work': 'C:\Users\hemang.jindal\ai_news\actions-runner\_work'
[2025-11-13 05:51:59Z INFO HostContext] Well known directory 'Actions': 'C:\Users\hemang.jindal\ai_news\actions-runner\_work\_actions'
[2025-11-13 05:51:59Z INFO ActionManager] Save archive 'https://api.github.com/repos/actions/setup-python/zipball/a26af69be951a213d495a4c3e4e4022e16d87065' into C:\Users\hemang.jindal\ai_news\actions-runner\_work\_actions\_temp_80563eb0-25db-4aed-b9e5-cfb622d92eb9\969faed9-dc88-47ac-aeed-8c8f5969de8d.zip.
[2025-11-13 05:51:59Z INFO JobServerQueue] Try to append 1 batches web console lines for record 'f4aa03db-0422-4d6d-8884-948485bffb07', success rate: 1/1.
[2025-11-13 05:52:00Z INFO ActionManager] Request URL: https://api.github.com/repos/actions/setup-python/zipball/a26af69be951a213d495a4c3e4e4022e16d87065 X-GitHub-Request-Id: CA18:1EC82D:243F5:143BE7:691571FF Http Status: OK
[2025-11-13 05:52:02Z INFO ActionManager] Finished getting action repository.
[2025-11-13 05:52:03Z INFO HostContext] Well known directory 'Bin': 'C:\Users\hemang.jindal\ai_news\actions-runner\bin'
[2025-11-13 05:52:03Z INFO HostContext] Well known directory 'Root': 'C:\Users\hemang.jindal\ai_news\actions-runner'
[2025-11-13 05:52:03Z INFO HostContext] Well known directory 'Work': 'C:\Users\hemang.jindal\ai_news\actions-runner\_work'
[2025-11-13 05:52:03Z INFO HostContext] Well known directory 'Actions': 'C:\Users\hemang.jindal\ai_news\actions-runner\_work\_actions'
[2025-11-13 05:52:03Z INFO HostContext] Well known directory 'Bin': 'C:\Users\hemang.jindal\ai_news\actions-runner\bin'
[2025-11-13 05:52:03Z INFO HostContext] Well known directory 'Root': 'C:\Users\hemang.jindal\ai_news\actions-runner'
[2025-11-13 05:52:03Z INFO HostContext] Well known directory 'Work': 'C:\Users\hemang.jindal\ai_news\actions-runner\_work'
[2025-11-13 05:52:03Z INFO HostContext] Well known directory 'Actions': 'C:\Users\hemang.jindal\ai_news\actions-runner\_work\_actions'
[2025-11-13 05:52:03Z INFO ActionManager] Save archive 'https://api.github.com/repos/actions/cache/zipball/0057852bfaa89a56745cba8c7296529d2fc39830' into C:\Users\hemang.jindal\ai_news\actions-runner\_work\_actions\_temp_f9e9e891-afcd-4c10-91ab-a26031e2dcd9\4c8ab2e4-a699-4ba0-b8a4-09467fe63381.zip.
[2025-11-13 05:52:03Z INFO JobServerQueue] Try to append 1 batches web console lines for record 'f4aa03db-0422-4d6d-8884-948485bffb07', success rate: 1/1.
[2025-11-13 05:52:04Z INFO ActionManager] Request URL: https://api.github.com/repos/actions/cache/zipball/0057852bfaa89a56745cba8c7296529d2fc39830 X-GitHub-Request-Id: CA1D:197704:26580:145D59:69157203 Http Status: OK
[2025-11-13 05:52:06Z INFO ActionManager] Finished getting action repository.
[2025-11-13 05:52:06Z INFO HostContext] Well known directory 'Bin': 'C:\Users\hemang.jindal\ai_news\actions-runner\bin'
[2025-11-13 05:52:06Z INFO HostContext] Well known directory 'Root': 'C:\Users\hemang.jindal\ai_news\actions-runner'
[2025-11-13 05:52:06Z INFO HostContext] Well known directory 'Work': 'C:\Users\hemang.jindal\ai_news\actions-runner\_work'
[2025-11-13 05:52:06Z INFO HostContext] Well known directory 'Actions': 'C:\Users\hemang.jindal\ai_news\actions-runner\_work\_actions'
[2025-11-13 05:52:06Z INFO HostContext] Well known directory 'Bin': 'C:\Users\hemang.jindal\ai_news\actions-runner\bin'
[2025-11-13 05:52:06Z INFO HostContext] Well known directory 'Root': 'C:\Users\hemang.jindal\ai_news\actions-runner'
[2025-11-13 05:52:06Z INFO HostContext] Well known directory 'Work': 'C:\Users\hemang.jindal\ai_news\actions-runner\_work'
[2025-11-13 05:52:06Z INFO HostContext] Well known directory 'Actions': 'C:\Users\hemang.jindal\ai_news\actions-runner\_work\_actions'
[2025-11-13 05:52:06Z INFO ActionManager] Save archive 'https://api.github.com/repos/actions/upload-artifact/zipball/ea165f8d65b6e75b540449e92b4886f43607fa02' into C:\Users\hemang.jindal\ai_news\actions-runner\_work\_actions\_temp_ccbc861e-c375-411c-8687-b28419a2830e\0ce83bc2-eb53-4a53-a2f1-ef4d6bf69aac.zip.
[2025-11-13 05:52:06Z INFO JobServerQueue] Try to append 1 batches web console lines for record 'f4aa03db-0422-4d6d-8884-948485bffb07', success rate: 1/1.
[2025-11-13 05:52:07Z INFO ActionManager] Request URL: https://api.github.com/repos/actions/upload-artifact/zipball/ea165f8d65b6e75b540449e92b4886f43607fa02 X-GitHub-Request-Id: CA20:304466:246B8:143E9C:69157206 Http Status: OK
[2025-11-13 05:52:10Z INFO ActionManager] Finished getting action repository.
[2025-11-13 05:52:10Z INFO HostContext] Well known directory 'Bin': 'C:\Users\hemang.jindal\ai_news\actions-runner\bin'
[2025-11-13 05:52:10Z INFO HostContext] Well known directory 'Root': 'C:\Users\hemang.jindal\ai_news\actions-runner'
[2025-11-13 05:52:10Z INFO HostContext] Well known directory 'Work': 'C:\Users\hemang.jindal\ai_news\actions-runner\_work'
[2025-11-13 05:52:10Z INFO HostContext] Well known directory 'Actions': 'C:\Users\hemang.jindal\ai_news\actions-runner\_work\_actions'
[2025-11-13 05:52:10Z INFO ActionManifestManager] Load schema file with definitions: [
  "null",
  "boolean",
  "number",
  "string",
  "sequence",
  "mapping",
  "any",
  "action-root",
  "inputs",
  "input",
  "outputs",
  "output-definition",
  "runs",
  "container-runs",
  "container-runs-args",
  "container-runs-env",
  "node-runs",
  "plugin-runs",
  "composite-runs",
  "composite-steps",
  "composite-step",
  "run-step",
  "uses-step",
  "container-runs-context",
  "output-value",
  "input-default-context",
  "non-empty-string",
  "string-steps-context",
  "boolean-steps-context",
  "step-env",
  "step-if",
  "step-with"
]
[2025-11-13 05:52:10Z INFO HostContext] Well known directory 'Bin': 'C:\Users\hemang.jindal\ai_news\actions-runner\bin'
[2025-11-13 05:52:10Z INFO HostContext] Well known directory 'Root': 'C:\Users\hemang.jindal\ai_news\actions-runner'
[2025-11-13 05:52:10Z INFO HostContext] Well known directory 'Work': 'C:\Users\hemang.jindal\ai_news\actions-runner\_work'
[2025-11-13 05:52:10Z INFO HostContext] Well known directory 'Actions': 'C:\Users\hemang.jindal\ai_news\actions-runner\_work\_actions'
[2025-11-13 05:52:10Z INFO ActionManifestManager] Loaded action.yml file: {
  "name": "Checkout",
  "description": "Checkout a Git repository at a particular version",
  "inputs": {
    "type": 2,
    "map": [
      {
        "key": {
          "type": 0,
          "file": 2,
          "line": 4,
          "col": 3,
          "lit": "repository"
        },
        "value": {
          "type": 3,
          "file": 2,
          "line": 6,
          "col": 14,
          "expr": "github.repository"
        }
      },
      {
        "key": {
          "type": 0,
          "file": 2,
          "line": 7,
          "col": 3,
          "lit": "ref"
        },
        "value": ""
      },
      {
        "key": {
          "type": 0,
          "file": 2,
          "line": 12,
          "col": 3,
          "lit": "token"
        },
        "value": {
          "type": 3,
          "file": 2,
          "line": 24,
          "col": 14,
          "expr": "github.token"
        }
      },
      {
        "key": {
          "type": 0,
          "file": 2,
          "line": 25,
          "col": 3,
          "lit": "ssh-key"
        },
        "value": ""
      },
      {
        "key": {
          "type": 0,
          "file": 2,
          "line": 37,
          "col": 3,
          "lit": "ssh-known-hosts"
        },
        "value": ""
      },
      {
        "key": {
          "type": 0,
          "file": 2,
          "line": 42,
          "col": 3,
          "lit": "ssh-strict"
        },
        "value": {
          "type": 0,
          "file": 2,
          "line": 47,
          "col": 14,
          "lit": "true"
        }
      },
      {
        "key": {
          "type": 0,
          "file": 2,
          "line": 48,
          "col": 3,
          "lit": "ssh-user"
        },
        "value": {
          "type": 0,
          "file": 2,
          "line": 51,
          "col": 14,
          "lit": "git"
        }
      },
      {
        "key": {
          "type": 0,
          "file": 2,
          "line": 52,
          "col": 3,
          "lit": "persist-credentials"
        },
        "value": {
          "type": 0,
          "file": 2,
          "line": 54,
          "col": 14,
          "lit": "true"
        }
      },
      {
        "key": {
          "type": 0,
          "file": 2,
          "line": 55,
          "col": 3,
          "lit": "path"
        },
        "value": ""
      },
      {
        "key": {
          "type": 0,
          "file": 2,
          "line": 57,
          "col": 3,
          "lit": "clean"
        },
        "value": {
          "type": 0,
          "file": 2,
          "line": 59,
          "col": 14,
          "lit": "true"
        }
      },
      {
        "key": {
          "type": 0,
          "file": 2,
          "line": 60,
          "col": 3,
          "lit": "filter"
        },
        "value": {
          "type": 0,
          "file": 2,
          "line": 64,
          "col": 14,
          "lit": ""
        }
      },
      {
        "key": {
          "type": 0,
          "file": 2,
          "line": 65,
          "col": 3,
          "lit": "sparse-checkout"
        },
        "value": {
          "type": 0,
          "file": 2,
          "line": 69,
          "col": 14,
          "lit": ""
        }
      },
      {
        "key": {
          "type": 0,
          "file": 2,
          "line": 70,
          "col": 3,
          "lit": "sparse-checkout-cone-mode"
        },
        "value": {
          "type": 0,
          "file": 2,
          "line": 73,
          "col": 14,
          "lit": "true"
        }
      },
      {
        "key": {
          "type": 0,
          "file": 2,
          "line": 74,
          "col": 3,
          "lit": "fetch-depth"
        },
        "value": {
          "type": 0,
          "file": 2,
          "line": 76,
          "col": 14,
          "lit": "1"
        }
      },
      {
        "key": {
          "type": 0,
          "file": 2,
          "line": 77,
          "col": 3,
          "lit": "fetch-tags"
        },
        "value": {
          "type": 0,
          "file": 2,
          "line": 79,
          "col": 14,
          "lit": "false"
        }
      },
      {
        "key": {
          "type": 0,
          "file": 2,
          "line": 80,
          "col": 3,
          "lit": "show-progress"
        },
        "value": {
          "type": 0,
          "file": 2,
          "line": 82,
          "col": 14,
          "lit": "true"
        }
      },
      {
        "key": {
          "type": 0,
          "file": 2,
          "line": 83,
          "col": 3,
          "lit": "lfs"
        },
        "value": {
          "type": 0,
          "file": 2,
          "line": 85,
          "col": 14,
          "lit": "false"
        }
      },
      {
        "key": {
          "type": 0,
          "file": 2,
          "line": 86,
          "col": 3,
          "lit": "submodules"
        },
        "value": {
          "type": 0,
          "file": 2,
          "line": 94,
          "col": 14,
          "lit": "false"
        }
      },
      {
        "key": {
          "type": 0,
          "file": 2,
          "line": 95,
          "col": 3,
          "lit": "set-safe-directory"
        },
        "value": {
          "type": 0,
          "file": 2,
          "line": 97,
          "col": 14,
          "lit": "true"
        }
      },
      {
        "key": {
          "type": 0,
          "file": 2,
          "line": 98,
          "col": 3,
          "lit": "github-server-url"
        },
        "value": ""
      }
    ]
  },
  "execution": {
    "executionType": "nodeJS",
    "hasPre": false,
    "hasPost": true,
    "script": "dist/index.js",
    "pre": null,
    "post": "dist/index.js",
    "nodeVersion": "node20",
    "cleanupCondition": "always()",
    "initCondition": "always()"
  },
  "deprecated": null
}
[2025-11-13 05:52:10Z INFO ActionManager] Action node.js file: dist/index.js, no more preparation.
[2025-11-13 05:52:10Z INFO HostContext] Well known directory 'Bin': 'C:\Users\hemang.jindal\ai_news\actions-runner\bin'
[2025-11-13 05:52:10Z INFO HostContext] Well known directory 'Root': 'C:\Users\hemang.jindal\ai_news\actions-runner'
[2025-11-13 05:52:10Z INFO HostContext] Well known directory 'Work': 'C:\Users\hemang.jindal\ai_news\actions-runner\_work'
[2025-11-13 05:52:10Z INFO HostContext] Well known directory 'Actions': 'C:\Users\hemang.jindal\ai_news\actions-runner\_work\_actions'
[2025-11-13 05:52:10Z INFO ActionManager] Load action that reference repository from 'C:\Users\hemang.jindal\ai_news\actions-runner\_work\_actions\actions\checkout\v4'
[2025-11-13 05:52:10Z INFO HostContext] Well known directory 'Bin': 'C:\Users\hemang.jindal\ai_news\actions-runner\bin'
[2025-11-13 05:52:10Z INFO HostContext] Well known directory 'Root': 'C:\Users\hemang.jindal\ai_news\actions-runner'
[2025-11-13 05:52:10Z INFO HostContext] Well known directory 'Work': 'C:\Users\hemang.jindal\ai_news\actions-runner\_work'
[2025-11-13 05:52:10Z INFO HostContext] Well known directory 'Actions': 'C:\Users\hemang.jindal\ai_news\actions-runner\_work\_actions'
[2025-11-13 05:52:10Z INFO ActionManifestManager] Loaded action.yml file: {
  "name": "Checkout",
  "description": "Checkout a Git repository at a particular version",
  "inputs": {
    "type": 2,
    "map": [
      {
        "key": {
          "type": 0,
          "file": 2,
          "line": 4,
          "col": 3,
          "lit": "repository"
        },
        "value": {
          "type": 3,
          "file": 2,
          "line": 6,
          "col": 14,
          "expr": "github.repository"
        }
      },
      {
        "key": {
          "type": 0,
          "file": 2,
          "line": 7,
          "col": 3,
          "lit": "ref"
        },
        "value": ""
      },
      {
        "key": {
          "type": 0,
          "file": 2,
          "line": 12,
          "col": 3,
          "lit": "token"
        },
        "value": {
          "type": 3,
          "file": 2,
          "line": 24,
          "col": 14,
          "expr": "github.token"
        }
      },
      {
        "key": {
          "type": 0,
          "file": 2,
          "line": 25,
          "col": 3,
          "lit": "ssh-key"
        },
        "value": ""
      },
      {
        "key": {
          "type": 0,
          "file": 2,
          "line": 37,
          "col": 3,
          "lit": "ssh-known-hosts"
        },
        "value": ""
      },
      {
        "key": {
          "type": 0,
          "file": 2,
          "line": 42,
          "col": 3,
          "lit": "ssh-strict"
        },
        "value": {
          "type": 0,
          "file": 2,
          "line": 47,
          "col": 14,
          "lit": "true"
        }
      },
      {
        "key": {
          "type": 0,
          "file": 2,
          "line": 48,
          "col": 3,
          "lit": "ssh-user"
        },
        "value": {
          "type": 0,
          "file": 2,
          "line": 51,
          "col": 14,
          "lit": "git"
        }
      },
      {
        "key": {
          "type": 0,
          "file": 2,
          "line": 52,
          "col": 3,
          "lit": "persist-credentials"
        },
        "value": {
          "type": 0,
          "file": 2,
          "line": 54,
          "col": 14,
          "lit": "true"
        }
      },
      {
        "key": {
          "type": 0,
          "file": 2,
          "line": 55,
          "col": 3,
          "lit": "path"
        },
        "value": ""
      },
      {
        "key": {
          "type": 0,
          "file": 2,
          "line": 57,
          "col": 3,
          "lit": "clean"
        },
        "value": {
          "type": 0,
          "file": 2,
          "line": 59,
          "col": 14,
          "lit": "true"
        }
      },
      {
        "key": {
          "type": 0,
          "file": 2,
          "line": 60,
          "col": 3,
          "lit": "filter"
        },
        "value": {
          "type": 0,
          "file": 2,
          "line": 64,
          "col": 14,
          "lit": ""
        }
      },
      {
        "key": {
          "type": 0,
          "file": 2,
          "line": 65,
          "col": 3,
          "lit": "sparse-checkout"
        },
        "value": {
          "type": 0,
          "file": 2,
          "line": 69,
          "col": 14,
          "lit": ""
        }
      },
      {
        "key": {
          "type": 0,
          "file": 2,
          "line": 70,
          "col": 3,
          "lit": "sparse-checkout-cone-mode"
        },
        "value": {
          "type": 0,
          "file": 2,
          "line": 73,
          "col": 14,
          "lit": "true"
        }
      },
      {
        "key": {
          "type": 0,
          "file": 2,
          "line": 74,
          "col": 3,
          "lit": "fetch-depth"
        },
        "value": {
          "type": 0,
          "file": 2,
          "line": 76,
          "col": 14,
          "lit": "1"
        }
      },
      {
        "key": {
          "type": 0,
          "file": 2,
          "line": 77,
          "col": 3,
          "lit": "fetch-tags"
        },
        "value": {
          "type": 0,
          "file": 2,
          "line": 79,
          "col": 14,
          "lit": "false"
        }
      },
      {
        "key": {
          "type": 0,
          "file": 2,
          "line": 80,
          "col": 3,
          "lit": "show-progress"
        },
        "value": {
          "type": 0,
          "file": 2,
          "line": 82,
          "col": 14,
          "lit": "true"
        }
      },
      {
        "key": {
          "type": 0,
          "file": 2,
          "line": 83,
          "col": 3,
          "lit": "lfs"
        },
        "value": {
          "type": 0,
          "file": 2,
          "line": 85,
          "col": 14,
          "lit": "false"
        }
      },
      {
        "key": {
          "type": 0,
          "file": 2,
          "line": 86,
          "col": 3,
          "lit": "submodules"
        },
        "value": {
          "type": 0,
          "file": 2,
          "line": 94,
          "col": 14,
          "lit": "false"
        }
      },
      {
        "key": {
          "type": 0,
          "file": 2,
          "line": 95,
          "col": 3,
          "lit": "set-safe-directory"
        },
        "value": {
          "type": 0,
          "file": 2,
          "line": 97,
          "col": 14,
          "lit": "true"
        }
      },
      {
        "key": {
          "type": 0,
          "file": 2,
          "line": 98,
          "col": 3,
          "lit": "github-server-url"
        },
        "value": ""
      }
    ]
  },
  "execution": {
    "executionType": "nodeJS",
    "hasPre": false,
    "hasPost": true,
    "script": "dist/index.js",
    "pre": null,
    "post": "dist/index.js",
    "nodeVersion": "node20",
    "cleanupCondition": "always()",
    "initCondition": "always()"
  },
  "deprecated": null
}
[2025-11-13 05:52:10Z INFO ActionManager] Action pre node.js file: N/A.
[2025-11-13 05:52:10Z INFO ActionManager] Action node.js file: dist/index.js.
[2025-11-13 05:52:10Z INFO ActionManager] Action post node.js file: dist/index.js.
[2025-11-13 05:52:10Z INFO HostContext] Well known directory 'Bin': 'C:\Users\hemang.jindal\ai_news\actions-runner\bin'
[2025-11-13 05:52:10Z INFO HostContext] Well known directory 'Root': 'C:\Users\hemang.jindal\ai_news\actions-runner'
[2025-11-13 05:52:10Z INFO HostContext] Well known directory 'Work': 'C:\Users\hemang.jindal\ai_news\actions-runner\_work'
[2025-11-13 05:52:10Z INFO HostContext] Well known directory 'Actions': 'C:\Users\hemang.jindal\ai_news\actions-runner\_work\_actions'
[2025-11-13 05:52:10Z INFO HostContext] Well known directory 'Bin': 'C:\Users\hemang.jindal\ai_news\actions-runner\bin'
[2025-11-13 05:52:10Z INFO HostContext] Well known directory 'Root': 'C:\Users\hemang.jindal\ai_news\actions-runner'
[2025-11-13 05:52:10Z INFO HostContext] Well known directory 'Work': 'C:\Users\hemang.jindal\ai_news\actions-runner\_work'
[2025-11-13 05:52:10Z INFO HostContext] Well known directory 'Actions': 'C:\Users\hemang.jindal\ai_news\actions-runner\_work\_actions'
[2025-11-13 05:52:10Z INFO ActionManifestManager] Ignore action property author.
[2025-11-13 05:52:10Z INFO ActionManifestManager] Ignore action property branding.
[2025-11-13 05:52:10Z INFO ActionManifestManager] Loaded action.yml file: {
  "name": "Setup Python",
  "description": "Set up a specific version of Python and add the command-line tools to the PATH.",
  "inputs": {
    "type": 2,
    "map": [
      {
        "key": {
          "type": 0,
          "file": 3,
          "line": 6,
          "col": 3,
          "lit": "python-version"
        },
        "value": ""
      },
      {
        "key": {
          "type": 0,
          "file": 3,
          "line": 8,
          "col": 3,
          "lit": "python-version-file"
        },
        "value": ""
      },
      {
        "key": {
          "type": 0,
          "file": 3,
          "line": 10,
          "col": 3,
          "lit": "cache"
        },
        "value": ""
      },
      {
        "key": {
          "type": 0,
          "file": 3,
          "line": 13,
          "col": 3,
          "lit": "architecture"
        },
        "value": ""
      },
      {
        "key": {
          "type": 0,
          "file": 3,
          "line": 15,
          "col": 3,
          "lit": "check-latest"
        },
        "value": {
          "type": 0,
          "file": 3,
          "line": 17,
          "col": 14,
          "lit": "false"
        }
      },
      {
        "key": {
          "type": 0,
          "file": 3,
          "line": 18,
          "col": 3,
          "lit": "token"
        },
        "value": {
          "type": 3,
          "file": 3,
          "line": 20,
          "col": 14,
          "expr": "github.server_url == 'https://github.com' && github.token || ''"
        }
      },
      {
        "key": {
          "type": 0,
          "file": 3,
          "line": 21,
          "col": 3,
          "lit": "cache-dependency-path"
        },
        "value": ""
      },
      {
        "key": {
          "type": 0,
          "file": 3,
          "line": 23,
          "col": 3,
          "lit": "update-environment"
        },
        "value": {
          "type": 0,
          "file": 3,
          "line": 25,
          "col": 14,
          "lit": "true"
        }
      },
      {
        "key": {
          "type": 0,
          "file": 3,
          "line": 26,
          "col": 3,
          "lit": "allow-prereleases"
        },
        "value": {
          "type": 0,
          "file": 3,
          "line": 28,
          "col": 14,
          "lit": "false"
        }
      },
      {
        "key": {
          "type": 0,
          "file": 3,
          "line": 29,
          "col": 3,
          "lit": "freethreaded"
        },
        "value": {
          "type": 0,
          "file": 3,
          "line": 31,
          "col": 14,
          "lit": "false"
        }
      }
    ]
  },
  "execution": {
    "executionType": "nodeJS",
    "hasPre": false,
    "hasPost": true,
    "script": "dist/setup/index.js",
    "pre": null,
    "post": "dist/cache-save/index.js",
    "nodeVersion": "node20",
    "cleanupCondition": "success()",
    "initCondition": "always()"
  },
  "deprecated": null
}
[2025-11-13 05:52:10Z INFO ActionManager] Action node.js file: dist/setup/index.js, no more preparation.
[2025-11-13 05:52:10Z INFO HostContext] Well known directory 'Bin': 'C:\Users\hemang.jindal\ai_news\actions-runner\bin'
[2025-11-13 05:52:10Z INFO HostContext] Well known directory 'Root': 'C:\Users\hemang.jindal\ai_news\actions-runner'
[2025-11-13 05:52:10Z INFO HostContext] Well known directory 'Work': 'C:\Users\hemang.jindal\ai_news\actions-runner\_work'
[2025-11-13 05:52:10Z INFO HostContext] Well known directory 'Actions': 'C:\Users\hemang.jindal\ai_news\actions-runner\_work\_actions'
[2025-11-13 05:52:10Z INFO ActionManager] Load action that reference repository from 'C:\Users\hemang.jindal\ai_news\actions-runner\_work\_actions\actions\setup-python\v5'
[2025-11-13 05:52:10Z INFO HostContext] Well known directory 'Bin': 'C:\Users\hemang.jindal\ai_news\actions-runner\bin'
[2025-11-13 05:52:10Z INFO HostContext] Well known directory 'Root': 'C:\Users\hemang.jindal\ai_news\actions-runner'
[2025-11-13 05:52:10Z INFO HostContext] Well known directory 'Work': 'C:\Users\hemang.jindal\ai_news\actions-runner\_work'
[2025-11-13 05:52:10Z INFO HostContext] Well known directory 'Actions': 'C:\Users\hemang.jindal\ai_news\actions-runner\_work\_actions'
[2025-11-13 05:52:10Z INFO ActionManifestManager] Ignore action property author.
[2025-11-13 05:52:10Z INFO ActionManifestManager] Ignore action property branding.
[2025-11-13 05:52:10Z INFO ActionManifestManager] Loaded action.yml file: {
  "name": "Setup Python",
  "description": "Set up a specific version of Python and add the command-line tools to the PATH.",
  "inputs": {
    "type": 2,
    "map": [
      {
        "key": {
          "type": 0,
          "file": 3,
          "line": 6,
          "col": 3,
          "lit": "python-version"
        },
        "value": ""
      },
      {
        "key": {
          "type": 0,
          "file": 3,
          "line": 8,
          "col": 3,
          "lit": "python-version-file"
        },
        "value": ""
      },
      {
        "key": {
          "type": 0,
          "file": 3,
          "line": 10,
          "col": 3,
          "lit": "cache"
        },
        "value": ""
      },
      {
        "key": {
          "type": 0,
          "file": 3,
          "line": 13,
          "col": 3,
          "lit": "architecture"
        },
        "value": ""
      },
      {
        "key": {
          "type": 0,
          "file": 3,
          "line": 15,
          "col": 3,
          "lit": "check-latest"
        },
        "value": {
          "type": 0,
          "file": 3,
          "line": 17,
          "col": 14,
          "lit": "false"
        }
      },
      {
        "key": {
          "type": 0,
          "file": 3,
          "line": 18,
          "col": 3,
          "lit": "token"
        },
        "value": {
          "type": 3,
          "file": 3,
          "line": 20,
          "col": 14,
          "expr": "github.server_url == 'https://github.com' && github.token || ''"
        }
      },
      {
        "key": {
          "type": 0,
          "file": 3,
          "line": 21,
          "col": 3,
          "lit": "cache-dependency-path"
        },
        "value": ""
      },
      {
        "key": {
          "type": 0,
          "file": 3,
          "line": 23,
          "col": 3,
          "lit": "update-environment"
        },
        "value": {
          "type": 0,
          "file": 3,
          "line": 25,
          "col": 14,
          "lit": "true"
        }
      },
      {
        "key": {
          "type": 0,
          "file": 3,
          "line": 26,
          "col": 3,
          "lit": "allow-prereleases"
        },
        "value": {
          "type": 0,
          "file": 3,
          "line": 28,
          "col": 14,
          "lit": "false"
        }
      },
      {
        "key": {
          "type": 0,
          "file": 3,
          "line": 29,
          "col": 3,
          "lit": "freethreaded"
        },
        "value": {
          "type": 0,
          "file": 3,
          "line": 31,
          "col": 14,
          "lit": "false"
        }
      }
    ]
  },
  "execution": {
    "executionType": "nodeJS",
    "hasPre": false,
    "hasPost": true,
    "script": "dist/setup/index.js",
    "pre": null,
    "post": "dist/cache-save/index.js",
    "nodeVersion": "node20",
    "cleanupCondition": "success()",
    "initCondition": "always()"
  },
  "deprecated": null
}
[2025-11-13 05:52:10Z INFO ActionManager] Action pre node.js file: N/A.
[2025-11-13 05:52:10Z INFO ActionManager] Action node.js file: dist/setup/index.js.
[2025-11-13 05:52:10Z INFO ActionManager] Action post node.js file: dist/cache-save/index.js.
[2025-11-13 05:52:10Z INFO HostContext] Well known directory 'Bin': 'C:\Users\hemang.jindal\ai_news\actions-runner\bin'
[2025-11-13 05:52:10Z INFO HostContext] Well known directory 'Root': 'C:\Users\hemang.jindal\ai_news\actions-runner'
[2025-11-13 05:52:10Z INFO HostContext] Well known directory 'Work': 'C:\Users\hemang.jindal\ai_news\actions-runner\_work'
[2025-11-13 05:52:10Z INFO HostContext] Well known directory 'Actions': 'C:\Users\hemang.jindal\ai_news\actions-runner\_work\_actions'
[2025-11-13 05:52:10Z INFO HostContext] Well known directory 'Bin': 'C:\Users\hemang.jindal\ai_news\actions-runner\bin'
[2025-11-13 05:52:10Z INFO HostContext] Well known directory 'Root': 'C:\Users\hemang.jindal\ai_news\actions-runner'
[2025-11-13 05:52:10Z INFO HostContext] Well known directory 'Work': 'C:\Users\hemang.jindal\ai_news\actions-runner\_work'
[2025-11-13 05:52:10Z INFO HostContext] Well known directory 'Actions': 'C:\Users\hemang.jindal\ai_news\actions-runner\_work\_actions'
[2025-11-13 05:52:10Z INFO ActionManifestManager] Ignore action property author.
[2025-11-13 05:52:10Z INFO ActionManifestManager] Ignore action property branding.
[2025-11-13 05:52:10Z INFO ActionManifestManager] Loaded action.yml file: {
  "name": "Cache",
  "description": "Cache artifacts like dependencies and build outputs to improve workflow execution time",
  "inputs": {
    "type": 2,
    "map": [
      {
        "key": {
          "type": 0,
          "file": 4,
          "line": 5,
          "col": 3,
          "lit": "path"
        },
        "value": ""
      },
      {
        "key": {
          "type": 0,
          "file": 4,
          "line": 8,
          "col": 3,
          "lit": "key"
        },
        "value": ""
      },
      {
        "key": {
          "type": 0,
          "file": 4,
          "line": 11,
          "col": 3,
          "lit": "restore-keys"
        },
        "value": ""
      },
      {
        "key": {
          "type": 0,
          "file": 4,
          "line": 14,
          "col": 3,
          "lit": "upload-chunk-size"
        },
        "value": ""
      },
      {
        "key": {
          "type": 0,
          "file": 4,
          "line": 17,
          "col": 3,
          "lit": "enableCrossOsArchive"
        },
        "value": {
          "type": 0,
          "file": 4,
          "line": 19,
          "col": 14,
          "lit": "false"
        }
      },
      {
        "key": {
          "type": 0,
          "file": 4,
          "line": 21,
          "col": 3,
          "lit": "fail-on-cache-miss"
        },
        "value": {
          "type": 0,
          "file": 4,
          "line": 23,
          "col": 14,
          "lit": "false"
        }
      },
      {
        "key": {
          "type": 0,
          "file": 4,
          "line": 25,
          "col": 3,
          "lit": "lookup-only"
        },
        "value": {
          "type": 0,
          "file": 4,
          "line": 27,
          "col": 14,
          "lit": "false"
        }
      },
      {
        "key": {
          "type": 0,
          "file": 4,
          "line": 29,
          "col": 3,
          "lit": "save-always"
        },
        "value": {
          "type": 0,
          "file": 4,
          "line": 31,
          "col": 14,
          "lit": "false"
        }
      }
    ]
  },
  "execution": {
    "executionType": "nodeJS",
    "hasPre": false,
    "hasPost": true,
    "script": "dist/restore/index.js",
    "pre": null,
    "post": "dist/save/index.js",
    "nodeVersion": "node20",
    "cleanupCondition": "success()",
    "initCondition": "always()"
  },
  "deprecated": {
    "save-always": "save-always does not work as intended and will be removed in a future release.\nA separate `actions/cache/restore` step should be used instead.\nSee https://github.com/actions/cache/tree/main/save#always-save-cache for more details.\n"
  }
}
[2025-11-13 05:52:10Z INFO ActionManager] Action node.js file: dist/restore/index.js, no more preparation.
[2025-11-13 05:52:10Z INFO HostContext] Well known directory 'Bin': 'C:\Users\hemang.jindal\ai_news\actions-runner\bin'
[2025-11-13 05:52:10Z INFO HostContext] Well known directory 'Root': 'C:\Users\hemang.jindal\ai_news\actions-runner'
[2025-11-13 05:52:10Z INFO HostContext] Well known directory 'Work': 'C:\Users\hemang.jindal\ai_news\actions-runner\_work'
[2025-11-13 05:52:10Z INFO HostContext] Well known directory 'Actions': 'C:\Users\hemang.jindal\ai_news\actions-runner\_work\_actions'
[2025-11-13 05:52:10Z INFO ActionManager] Load action that reference repository from 'C:\Users\hemang.jindal\ai_news\actions-runner\_work\_actions\actions\cache\v4'
[2025-11-13 05:52:10Z INFO HostContext] Well known directory 'Bin': 'C:\Users\hemang.jindal\ai_news\actions-runner\bin'
[2025-11-13 05:52:10Z INFO HostContext] Well known directory 'Root': 'C:\Users\hemang.jindal\ai_news\actions-runner'
[2025-11-13 05:52:10Z INFO HostContext] Well known directory 'Work': 'C:\Users\hemang.jindal\ai_news\actions-runner\_work'
[2025-11-13 05:52:10Z INFO HostContext] Well known directory 'Actions': 'C:\Users\hemang.jindal\ai_news\actions-runner\_work\_actions'
[2025-11-13 05:52:10Z INFO ActionManifestManager] Ignore action property author.
[2025-11-13 05:52:10Z INFO ActionManifestManager] Ignore action property branding.
[2025-11-13 05:52:10Z INFO ActionManifestManager] Loaded action.yml file: {
  "name": "Cache",
  "description": "Cache artifacts like dependencies and build outputs to improve workflow execution time",
  "inputs": {
    "type": 2,
    "map": [
      {
        "key": {
          "type": 0,
          "file": 4,
          "line": 5,
          "col": 3,
          "lit": "path"
        },
        "value": ""
      },
      {
        "key": {
          "type": 0,
          "file": 4,
          "line": 8,
          "col": 3,
          "lit": "key"
        },
        "value": ""
      },
      {
        "key": {
          "type": 0,
          "file": 4,
          "line": 11,
          "col": 3,
          "lit": "restore-keys"
        },
        "value": ""
      },
      {
        "key": {
          "type": 0,
          "file": 4,
          "line": 14,
          "col": 3,
          "lit": "upload-chunk-size"
        },
        "value": ""
      },
      {
        "key": {
          "type": 0,
          "file": 4,
          "line": 17,
          "col": 3,
          "lit": "enableCrossOsArchive"
        },
        "value": {
          "type": 0,
          "file": 4,
          "line": 19,
          "col": 14,
          "lit": "false"
        }
      },
      {
        "key": {
          "type": 0,
          "file": 4,
          "line": 21,
          "col": 3,
          "lit": "fail-on-cache-miss"
        },
        "value": {
          "type": 0,
          "file": 4,
          "line": 23,
          "col": 14,
          "lit": "false"
        }
      },
      {
        "key": {
          "type": 0,
          "file": 4,
          "line": 25,
          "col": 3,
          "lit": "lookup-only"
        },
        "value": {
          "type": 0,
          "file": 4,
          "line": 27,
          "col": 14,
          "lit": "false"
        }
      },
      {
        "key": {
          "type": 0,
          "file": 4,
          "line": 29,
          "col": 3,
          "lit": "save-always"
        },
        "value": {
          "type": 0,
          "file": 4,
          "line": 31,
          "col": 14,
          "lit": "false"
        }
      }
    ]
  },
  "execution": {
    "executionType": "nodeJS",
    "hasPre": false,
    "hasPost": true,
    "script": "dist/restore/index.js",
    "pre": null,
    "post": "dist/save/index.js",
    "nodeVersion": "node20",
    "cleanupCondition": "success()",
    "initCondition": "always()"
  },
  "deprecated": {
    "save-always": "save-always does not work as intended and will be removed in a future release.\nA separate `actions/cache/restore` step should be used instead.\nSee https://github.com/actions/cache/tree/main/save#always-save-cache for more details.\n"
  }
}
[2025-11-13 05:52:10Z INFO ActionManager] Action pre node.js file: N/A.
[2025-11-13 05:52:10Z INFO ActionManager] Action node.js file: dist/restore/index.js.
[2025-11-13 05:52:10Z INFO ActionManager] Action post node.js file: dist/save/index.js.
[2025-11-13 05:52:10Z INFO HostContext] Well known directory 'Bin': 'C:\Users\hemang.jindal\ai_news\actions-runner\bin'
[2025-11-13 05:52:10Z INFO HostContext] Well known directory 'Root': 'C:\Users\hemang.jindal\ai_news\actions-runner'
[2025-11-13 05:52:10Z INFO HostContext] Well known directory 'Work': 'C:\Users\hemang.jindal\ai_news\actions-runner\_work'
[2025-11-13 05:52:10Z INFO HostContext] Well known directory 'Actions': 'C:\Users\hemang.jindal\ai_news\actions-runner\_work\_actions'
[2025-11-13 05:52:10Z INFO HostContext] Well known directory 'Bin': 'C:\Users\hemang.jindal\ai_news\actions-runner\bin'
[2025-11-13 05:52:10Z INFO HostContext] Well known directory 'Root': 'C:\Users\hemang.jindal\ai_news\actions-runner'
[2025-11-13 05:52:10Z INFO HostContext] Well known directory 'Work': 'C:\Users\hemang.jindal\ai_news\actions-runner\_work'
[2025-11-13 05:52:10Z INFO HostContext] Well known directory 'Actions': 'C:\Users\hemang.jindal\ai_news\actions-runner\_work\_actions'
[2025-11-13 05:52:10Z INFO ActionManifestManager] Ignore action property author.
[2025-11-13 05:52:10Z INFO ActionManifestManager] Loaded action.yml file: {
  "name": "Upload a Build Artifact",
  "description": "Upload a build artifact that can be used by subsequent workflow steps",
  "inputs": {
    "type": 2,
    "map": [
      {
        "key": {
          "type": 0,
          "file": 5,
          "line": 5,
          "col": 3,
          "lit": "name"
        },
        "value": {
          "type": 0,
          "file": 5,
          "line": 7,
          "col": 14,
          "lit": "artifact"
        }
      },
      {
        "key": {
          "type": 0,
          "file": 5,
          "line": 8,
          "col": 3,
          "lit": "path"
        },
        "value": ""
      },
      {
        "key": {
          "type": 0,
          "file": 5,
          "line": 11,
          "col": 3,
          "lit": "if-no-files-found"
        },
        "value": {
          "type": 0,
          "file": 5,
          "line": 19,
          "col": 14,
          "lit": "warn"
        }
      },
      {
        "key": {
          "type": 0,
          "file": 5,
          "line": 20,
          "col": 3,
          "lit": "retention-days"
        },
        "value": ""
      },
      {
        "key": {
          "type": 0,
          "file": 5,
          "line": 26,
          "col": 3,
          "lit": "compression-level"
        },
        "value": {
          "type": 0,
          "file": 5,
          "line": 36,
          "col": 14,
          "lit": "6"
        }
      },
      {
        "key": {
          "type": 0,
          "file": 5,
          "line": 37,
          "col": 3,
          "lit": "overwrite"
        },
        "value": {
          "type": 0,
          "file": 5,
          "line": 42,
          "col": 14,
          "lit": "false"
        }
      },
      {
        "key": {
          "type": 0,
          "file": 5,
          "line": 43,
          "col": 3,
          "lit": "include-hidden-files"
        },
        "value": {
          "type": 0,
          "file": 5,
          "line": 47,
          "col": 14,
          "lit": "false"
        }
      }
    ]
  },
  "execution": {
    "executionType": "nodeJS",
    "hasPre": false,
    "hasPost": false,
    "script": "dist/upload/index.js",
    "pre": null,
    "post": null,
    "nodeVersion": "node20",
    "cleanupCondition": "always()",
    "initCondition": "always()"
  },
  "deprecated": null
}
[2025-11-13 05:52:10Z INFO ActionManager] Action node.js file: dist/upload/index.js, no more preparation.
[2025-11-13 05:52:10Z INFO HostContext] Well known directory 'Bin': 'C:\Users\hemang.jindal\ai_news\actions-runner\bin'
[2025-11-13 05:52:10Z INFO HostContext] Well known directory 'Root': 'C:\Users\hemang.jindal\ai_news\actions-runner'
[2025-11-13 05:52:10Z INFO HostContext] Well known directory 'Work': 'C:\Users\hemang.jindal\ai_news\actions-runner\_work'
[2025-11-13 05:52:10Z INFO HostContext] Well known directory 'Actions': 'C:\Users\hemang.jindal\ai_news\actions-runner\_work\_actions'
[2025-11-13 05:52:10Z INFO ActionManager] Load action that reference repository from 'C:\Users\hemang.jindal\ai_news\actions-runner\_work\_actions\actions\upload-artifact\v4'
[2025-11-13 05:52:10Z INFO HostContext] Well known directory 'Bin': 'C:\Users\hemang.jindal\ai_news\actions-runner\bin'
[2025-11-13 05:52:10Z INFO HostContext] Well known directory 'Root': 'C:\Users\hemang.jindal\ai_news\actions-runner'
[2025-11-13 05:52:10Z INFO HostContext] Well known directory 'Work': 'C:\Users\hemang.jindal\ai_news\actions-runner\_work'
[2025-11-13 05:52:10Z INFO HostContext] Well known directory 'Actions': 'C:\Users\hemang.jindal\ai_news\actions-runner\_work\_actions'
[2025-11-13 05:52:10Z INFO ActionManifestManager] Ignore action property author.
[2025-11-13 05:52:10Z INFO ActionManifestManager] Loaded action.yml file: {
  "name": "Upload a Build Artifact",
  "description": "Upload a build artifact that can be used by subsequent workflow steps",
  "inputs": {
    "type": 2,
    "map": [
      {
        "key": {
          "type": 0,
          "file": 5,
          "line": 5,
          "col": 3,
          "lit": "name"
        },
        "value": {
          "type": 0,
          "file": 5,
          "line": 7,
          "col": 14,
          "lit": "artifact"
        }
      },
      {
        "key": {
          "type": 0,
          "file": 5,
          "line": 8,
          "col": 3,
          "lit": "path"
        },
        "value": ""
      },
      {
        "key": {
          "type": 0,
          "file": 5,
          "line": 11,
          "col": 3,
          "lit": "if-no-files-found"
        },
        "value": {
          "type": 0,
          "file": 5,
          "line": 19,
          "col": 14,
          "lit": "warn"
        }
      },
      {
        "key": {
          "type": 0,
          "file": 5,
          "line": 20,
          "col": 3,
          "lit": "retention-days"
        },
        "value": ""
      },
      {
        "key": {
          "type": 0,
          "file": 5,
          "line": 26,
          "col": 3,
          "lit": "compression-level"
        },
        "value": {
          "type": 0,
          "file": 5,
          "line": 36,
          "col": 14,
          "lit": "6"
        }
      },
      {
        "key": {
          "type": 0,
          "file": 5,
          "line": 37,
          "col": 3,
          "lit": "overwrite"
        },
        "value": {
          "type": 0,
          "file": 5,
          "line": 42,
          "col": 14,
          "lit": "false"
        }
      },
      {
        "key": {
          "type": 0,
          "file": 5,
          "line": 43,
          "col": 3,
          "lit": "include-hidden-files"
        },
        "value": {
          "type": 0,
          "file": 5,
          "line": 47,
          "col": 14,
          "lit": "false"
        }
      }
    ]
  },
  "execution": {
    "executionType": "nodeJS",
    "hasPre": false,
    "hasPost": false,
    "script": "dist/upload/index.js",
    "pre": null,
    "post": null,
    "nodeVersion": "node20",
    "cleanupCondition": "always()",
    "initCondition": "always()"
  },
  "deprecated": null
}
[2025-11-13 05:52:10Z INFO ActionManager] Action pre node.js file: N/A.
[2025-11-13 05:52:10Z INFO ActionManager] Action node.js file: dist/upload/index.js.
[2025-11-13 05:52:10Z INFO ActionManager] Action post node.js file: N/A.
[2025-11-13 05:52:10Z INFO JobExtension] Adding .
[2025-11-13 05:52:10Z INFO JobExtension] Adding .
[2025-11-13 05:52:10Z INFO JobExtension] Adding .
[2025-11-13 05:52:10Z INFO JobExtension] Adding .
[2025-11-13 05:52:10Z INFO JobExtension] Adding .
[2025-11-13 05:52:10Z INFO JobExtension] Adding .
[2025-11-13 05:52:10Z INFO JobExtension] Adding .
[2025-11-13 05:52:10Z INFO HostContext] Well known directory 'Bin': 'C:\Users\hemang.jindal\ai_news\actions-runner\bin'
[2025-11-13 05:52:10Z INFO HostContext] Well known directory 'Root': 'C:\Users\hemang.jindal\ai_news\actions-runner'
[2025-11-13 05:52:10Z INFO HostContext] Well known directory 'Diag': 'C:\Users\hemang.jindal\ai_news\actions-runner\_diag'
[2025-11-13 05:52:10Z INFO HostContext] Well known directory 'Bin': 'C:\Users\hemang.jindal\ai_news\actions-runner\bin'
[2025-11-13 05:52:10Z INFO HostContext] Well known directory 'Root': 'C:\Users\hemang.jindal\ai_news\actions-runner'
[2025-11-13 05:52:10Z INFO HostContext] Well known directory 'Diag': 'C:\Users\hemang.jindal\ai_news\actions-runner\_diag'
[2025-11-13 05:52:10Z INFO HostContext] Well known directory 'Bin': 'C:\Users\hemang.jindal\ai_news\actions-runner\bin'
[2025-11-13 05:52:10Z INFO HostContext] Well known directory 'Root': 'C:\Users\hemang.jindal\ai_news\actions-runner'
[2025-11-13 05:52:10Z INFO HostContext] Well known directory 'Diag': 'C:\Users\hemang.jindal\ai_news\actions-runner\_diag'
[2025-11-13 05:52:10Z INFO HostContext] Well known directory 'Bin': 'C:\Users\hemang.jindal\ai_news\actions-runner\bin'
[2025-11-13 05:52:10Z INFO HostContext] Well known directory 'Root': 'C:\Users\hemang.jindal\ai_news\actions-runner'
[2025-11-13 05:52:10Z INFO HostContext] Well known directory 'Diag': 'C:\Users\hemang.jindal\ai_news\actions-runner\_diag'
[2025-11-13 05:52:10Z INFO HostContext] Well known directory 'Bin': 'C:\Users\hemang.jindal\ai_news\actions-runner\bin'
[2025-11-13 05:52:10Z INFO HostContext] Well known directory 'Root': 'C:\Users\hemang.jindal\ai_news\actions-runner'
[2025-11-13 05:52:10Z INFO HostContext] Well known directory 'Diag': 'C:\Users\hemang.jindal\ai_news\actions-runner\_diag'
[2025-11-13 05:52:10Z INFO HostContext] Well known directory 'Bin': 'C:\Users\hemang.jindal\ai_news\actions-runner\bin'
[2025-11-13 05:52:10Z INFO HostContext] Well known directory 'Root': 'C:\Users\hemang.jindal\ai_news\actions-runner'
[2025-11-13 05:52:10Z INFO HostContext] Well known directory 'Diag': 'C:\Users\hemang.jindal\ai_news\actions-runner\_diag'
[2025-11-13 05:52:10Z INFO HostContext] Well known directory 'Bin': 'C:\Users\hemang.jindal\ai_news\actions-runner\bin'
[2025-11-13 05:52:10Z INFO HostContext] Well known directory 'Root': 'C:\Users\hemang.jindal\ai_news\actions-runner'
[2025-11-13 05:52:10Z INFO HostContext] Well known directory 'Diag': 'C:\Users\hemang.jindal\ai_news\actions-runner\_diag'
[2025-11-13 05:52:10Z INFO HostContext] Well known directory 'Bin': 'C:\Users\hemang.jindal\ai_news\actions-runner\bin'
[2025-11-13 05:52:10Z INFO HostContext] Well known directory 'Root': 'C:\Users\hemang.jindal\ai_news\actions-runner'
[2025-11-13 05:52:10Z INFO HostContext] Well known directory 'Diag': 'C:\Users\hemang.jindal\ai_news\actions-runner\_diag'
[2025-11-13 05:52:10Z INFO HostContext] Well known directory 'Bin': 'C:\Users\hemang.jindal\ai_news\actions-runner\bin'
[2025-11-13 05:52:10Z INFO HostContext] Well known directory 'Root': 'C:\Users\hemang.jindal\ai_news\actions-runner'
[2025-11-13 05:52:10Z INFO HostContext] Well known directory 'Diag': 'C:\Users\hemang.jindal\ai_news\actions-runner\_diag'
[2025-11-13 05:52:10Z INFO HostContext] Well known directory 'Bin': 'C:\Users\hemang.jindal\ai_news\actions-runner\bin'
[2025-11-13 05:52:10Z INFO HostContext] Well known directory 'Root': 'C:\Users\hemang.jindal\ai_news\actions-runner'
[2025-11-13 05:52:10Z INFO HostContext] Well known directory 'Diag': 'C:\Users\hemang.jindal\ai_news\actions-runner\_diag'
[2025-11-13 05:52:10Z INFO HostContext] Well known directory 'Bin': 'C:\Users\hemang.jindal\ai_news\actions-runner\bin'
[2025-11-13 05:52:10Z INFO HostContext] Well known directory 'Root': 'C:\Users\hemang.jindal\ai_news\actions-runner'
[2025-11-13 05:52:10Z INFO HostContext] Well known directory 'Diag': 'C:\Users\hemang.jindal\ai_news\actions-runner\_diag'
[2025-11-13 05:52:10Z INFO HostContext] Well known directory 'Bin': 'C:\Users\hemang.jindal\ai_news\actions-runner\bin'
[2025-11-13 05:52:10Z INFO HostContext] Well known directory 'Root': 'C:\Users\hemang.jindal\ai_news\actions-runner'
[2025-11-13 05:52:10Z INFO HostContext] Well known directory 'Diag': 'C:\Users\hemang.jindal\ai_news\actions-runner\_diag'
[2025-11-13 05:52:10Z INFO HostContext] Well known directory 'Bin': 'C:\Users\hemang.jindal\ai_news\actions-runner\bin'
[2025-11-13 05:52:10Z INFO HostContext] Well known directory 'Root': 'C:\Users\hemang.jindal\ai_news\actions-runner'
[2025-11-13 05:52:10Z INFO HostContext] Well known directory 'Diag': 'C:\Users\hemang.jindal\ai_news\actions-runner\_diag'
[2025-11-13 05:52:10Z INFO HostContext] Well known directory 'Bin': 'C:\Users\hemang.jindal\ai_news\actions-runner\bin'
[2025-11-13 05:52:10Z INFO HostContext] Well known directory 'Root': 'C:\Users\hemang.jindal\ai_news\actions-runner'
[2025-11-13 05:52:10Z INFO HostContext] Well known directory 'Diag': 'C:\Users\hemang.jindal\ai_news\actions-runner\_diag'
[2025-11-13 05:52:10Z INFO JobExtension] Total accessible running process: 298.
[2025-11-13 05:52:10Z INFO HostContext] Well known directory 'Bin': 'C:\Users\hemang.jindal\ai_news\actions-runner\bin'
[2025-11-13 05:52:10Z INFO HostContext] Well known directory 'Root': 'C:\Users\hemang.jindal\ai_news\actions-runner'
[2025-11-13 05:52:10Z INFO HostContext] Well known directory 'Work': 'C:\Users\hemang.jindal\ai_news\actions-runner\_work'
[2025-11-13 05:52:10Z INFO JobExtension] Start checking service connectivity in background.
[2025-11-13 05:52:10Z INFO ExecutionContext] Publish step telemetry for current step {
  "action": "setup_job",
  "type": "runner",
  "stage": "Pre",
  "stepId": "f4aa03db-0422-4d6d-8884-948485bffb07",
  "result": "succeeded",
  "errorMessages": [],
  "executionTimeInSeconds": 16,
  "startTime": "2025-11-13T05:51:54.8948711Z",
  "finishTime": "2025-11-13T05:52:10.8517227Z"
}.
[2025-11-13 05:52:10Z INFO JobRunner] Total job steps: 7.
[2025-11-13 05:52:10Z INFO JobRunner] Run all job steps.
[2025-11-13 05:52:10Z INFO StepsRunner] Processing step: DisplayName='📥 Checkout code'
[2025-11-13 05:52:10Z INFO StepsRunner] Evaluating: success()
[2025-11-13 05:52:10Z INFO StepsRunner] Result: true
[2025-11-13 05:52:10Z INFO StepsRunner] Starting the step.
[2025-11-13 05:52:10Z INFO HostContext] Well known directory 'Bin': 'C:\Users\hemang.jindal\ai_news\actions-runner\bin'
[2025-11-13 05:52:10Z INFO HostContext] Well known directory 'Root': 'C:\Users\hemang.jindal\ai_news\actions-runner'
[2025-11-13 05:52:10Z INFO HostContext] Well known directory 'Work': 'C:\Users\hemang.jindal\ai_news\actions-runner\_work'
[2025-11-13 05:52:10Z INFO StepsRunner] Which2: 'chcp'
[2025-11-13 05:52:10Z INFO StepsRunner] Location: 'C:\WINDOWS\system32\chcp.COM'
[2025-11-13 05:52:10Z INFO ProcessInvokerWrapper] Starting process:
[2025-11-13 05:52:10Z INFO ProcessInvokerWrapper]   File name: 'C:\WINDOWS\system32\chcp.COM'
[2025-11-13 05:52:10Z INFO ProcessInvokerWrapper]   Arguments: '65001'
[2025-11-13 05:52:10Z INFO ProcessInvokerWrapper]   Working directory: 'C:\Users\hemang.jindal\ai_news\actions-runner\_work'
[2025-11-13 05:52:10Z INFO ProcessInvokerWrapper]   Require exit code zero: 'False'
[2025-11-13 05:52:10Z INFO ProcessInvokerWrapper]   Encoding web name:  ; code page: ''
[2025-11-13 05:52:10Z INFO ProcessInvokerWrapper]   Force kill process on cancellation: 'False'
[2025-11-13 05:52:10Z INFO ProcessInvokerWrapper]   Redirected STDIN: 'False'
[2025-11-13 05:52:10Z INFO ProcessInvokerWrapper]   Persist current code page: 'True'
[2025-11-13 05:52:10Z INFO ProcessInvokerWrapper]   Keep redirected STDIN open: 'False'
[2025-11-13 05:52:10Z INFO ProcessInvokerWrapper]   High priority process: 'False'
[2025-11-13 05:52:10Z INFO JobServerQueue] Got a step log file to send to results service.
[2025-11-13 05:52:10Z INFO JobServerQueue] Starting upload of step log file to results service ResultsLog, C:\Users\hemang.jindal\ai_news\actions-runner\_diag\blocks\de345fa1-a5b1-4896-8942-c6af5eaaa428_f4aa03db-0422-4d6d-8884-948485bffb07.1
[2025-11-13 05:52:10Z INFO JobServerQueue] Try to upload 1 log files or attachments, success rate: 1/1.
[2025-11-13 05:52:10Z INFO ProcessInvokerWrapper] Process started with process id 17268, waiting for process exit.
[2025-11-13 05:52:10Z INFO ProcessInvokerWrapper] STDOUT/STDERR stream read finished.
[2025-11-13 05:52:10Z INFO ProcessInvokerWrapper] STDOUT/STDERR stream read finished.
[2025-11-13 05:52:10Z INFO ProcessInvokerWrapper] Finished process 17268 with exit code 0, and elapsed time 00:00:00.0450196.
[2025-11-13 05:52:10Z INFO StepsRunner] Successfully returned to code page 65001 (UTF8)
[2025-11-13 05:52:10Z INFO HostContext] Well known directory 'Bin': 'C:\Users\hemang.jindal\ai_news\actions-runner\bin'
[2025-11-13 05:52:10Z INFO HostContext] Well known directory 'Root': 'C:\Users\hemang.jindal\ai_news\actions-runner'
[2025-11-13 05:52:10Z INFO HostContext] Well known directory 'Work': 'C:\Users\hemang.jindal\ai_news\actions-runner\_work'
[2025-11-13 05:52:10Z INFO HostContext] Well known directory 'Actions': 'C:\Users\hemang.jindal\ai_news\actions-runner\_work\_actions'
[2025-11-13 05:52:10Z INFO ActionManager] Load action that reference repository from 'C:\Users\hemang.jindal\ai_news\actions-runner\_work\_actions\actions\checkout\v4'
[2025-11-13 05:52:10Z INFO HostContext] Well known directory 'Bin': 'C:\Users\hemang.jindal\ai_news\actions-runner\bin'
[2025-11-13 05:52:10Z INFO HostContext] Well known directory 'Root': 'C:\Users\hemang.jindal\ai_news\actions-runner'
[2025-11-13 05:52:10Z INFO HostContext] Well known directory 'Work': 'C:\Users\hemang.jindal\ai_news\actions-runner\_work'
[2025-11-13 05:52:10Z INFO HostContext] Well known directory 'Actions': 'C:\Users\hemang.jindal\ai_news\actions-runner\_work\_actions'
[2025-11-13 05:52:10Z INFO ActionManifestManager] Loaded action.yml file: {
  "name": "Checkout",
  "description": "Checkout a Git repository at a particular version",
  "inputs": {
    "type": 2,
    "map": [
      {
        "key": {
          "type": 0,
          "file": 2,
          "line": 4,
          "col": 3,
          "lit": "repository"
        },
        "value": {
          "type": 3,
          "file": 2,
          "line": 6,
          "col": 14,
          "expr": "github.repository"
        }
      },
      {
        "key": {
          "type": 0,
          "file": 2,
          "line": 7,
          "col": 3,
          "lit": "ref"
        },
        "value": ""
      },
      {
        "key": {
          "type": 0,
          "file": 2,
          "line": 12,
          "col": 3,
          "lit": "token"
        },
        "value": {
          "type": 3,
          "file": 2,
          "line": 24,
          "col": 14,
          "expr": "github.token"
        }
      },
      {
        "key": {
          "type": 0,
          "file": 2,
          "line": 25,
          "col": 3,
          "lit": "ssh-key"
        },
        "value": ""
      },
      {
        "key": {
          "type": 0,
          "file": 2,
          "line": 37,
          "col": 3,
          "lit": "ssh-known-hosts"
        },
        "value": ""
      },
      {
        "key": {
          "type": 0,
          "file": 2,
          "line": 42,
          "col": 3,
          "lit": "ssh-strict"
        },
        "value": {
          "type": 0,
          "file": 2,
          "line": 47,
          "col": 14,
          "lit": "true"
        }
      },
      {
        "key": {
          "type": 0,
          "file": 2,
          "line": 48,
          "col": 3,
          "lit": "ssh-user"
        },
        "value": {
          "type": 0,
          "file": 2,
          "line": 51,
          "col": 14,
          "lit": "git"
        }
      },
      {
        "key": {
          "type": 0,
          "file": 2,
          "line": 52,
          "col": 3,
          "lit": "persist-credentials"
        },
        "value": {
          "type": 0,
          "file": 2,
          "line": 54,
          "col": 14,
          "lit": "true"
        }
      },
      {
        "key": {
          "type": 0,
          "file": 2,
          "line": 55,
          "col": 3,
          "lit": "path"
        },
        "value": ""
      },
      {
        "key": {
          "type": 0,
          "file": 2,
          "line": 57,
          "col": 3,
          "lit": "clean"
        },
        "value": {
          "type": 0,
          "file": 2,
          "line": 59,
          "col": 14,
          "lit": "true"
        }
      },
      {
        "key": {
          "type": 0,
          "file": 2,
          "line": 60,
          "col": 3,
          "lit": "filter"
        },
        "value": {
          "type": 0,
          "file": 2,
          "line": 64,
          "col": 14,
          "lit": ""
        }
      },
      {
        "key": {
          "type": 0,
          "file": 2,
          "line": 65,
          "col": 3,
          "lit": "sparse-checkout"
        },
        "value": {
          "type": 0,
          "file": 2,
          "line": 69,
          "col": 14,
          "lit": ""
        }
      },
      {
        "key": {
          "type": 0,
          "file": 2,
          "line": 70,
          "col": 3,
          "lit": "sparse-checkout-cone-mode"
        },
        "value": {
          "type": 0,
          "file": 2,
          "line": 73,
          "col": 14,
          "lit": "true"
        }
      },
      {
        "key": {
          "type": 0,
          "file": 2,
          "line": 74,
          "col": 3,
          "lit": "fetch-depth"
        },
        "value": {
          "type": 0,
          "file": 2,
          "line": 76,
          "col": 14,
          "lit": "1"
        }
      },
      {
        "key": {
          "type": 0,
          "file": 2,
          "line": 77,
          "col": 3,
          "lit": "fetch-tags"
        },
        "value": {
          "type": 0,
          "file": 2,
          "line": 79,
          "col": 14,
          "lit": "false"
        }
      },
      {
        "key": {
          "type": 0,
          "file": 2,
          "line": 80,
          "col": 3,
          "lit": "show-progress"
        },
        "value": {
          "type": 0,
          "file": 2,
          "line": 82,
          "col": 14,
          "lit": "true"
        }
      },
      {
        "key": {
          "type": 0,
          "file": 2,
          "line": 83,
          "col": 3,
          "lit": "lfs"
        },
        "value": {
          "type": 0,
          "file": 2,
          "line": 85,
          "col": 14,
          "lit": "false"
        }
      },
      {
        "key": {
          "type": 0,
          "file": 2,
          "line": 86,
          "col": 3,
          "lit": "submodules"
        },
        "value": {
          "type": 0,
          "file": 2,
          "line": 94,
          "col": 14,
          "lit": "false"
        }
      },
      {
        "key": {
          "type": 0,
          "file": 2,
          "line": 95,
          "col": 3,
          "lit": "set-safe-directory"
        },
        "value": {
          "type": 0,
          "file": 2,
          "line": 97,
          "col": 14,
          "lit": "true"
        }
      },
      {
        "key": {
          "type": 0,
          "file": 2,
          "line": 98,
          "col": 3,
          "lit": "github-server-url"
        },
        "value": ""
      }
    ]
  },
  "execution": {
    "executionType": "nodeJS",
    "hasPre": false,
    "hasPost": true,
    "script": "dist/index.js",
    "pre": null,
    "post": "dist/index.js",
    "nodeVersion": "node20",
    "cleanupCondition": "always()",
    "initCondition": "always()"
  },
  "deprecated": null
}
[2025-11-13 05:52:10Z INFO ActionManager] Action pre node.js file: N/A.
[2025-11-13 05:52:10Z INFO ActionManager] Action node.js file: dist/index.js.
[2025-11-13 05:52:10Z INFO ActionManager] Action post node.js file: dist/index.js.
[2025-11-13 05:52:10Z INFO ExecutionContext] Reserve record order 9 to 16 for post job actions.
[2025-11-13 05:52:10Z INFO HostContext] Well known directory 'Bin': 'C:\Users\hemang.jindal\ai_news\actions-runner\bin'
[2025-11-13 05:52:10Z INFO HostContext] Well known directory 'Root': 'C:\Users\hemang.jindal\ai_news\actions-runner'
[2025-11-13 05:52:10Z INFO HostContext] Well known directory 'Diag': 'C:\Users\hemang.jindal\ai_news\actions-runner\_diag'
[2025-11-13 05:52:10Z INFO HostContext] Well known directory 'Bin': 'C:\Users\hemang.jindal\ai_news\actions-runner\bin'
[2025-11-13 05:52:10Z INFO HostContext] Well known directory 'Root': 'C:\Users\hemang.jindal\ai_news\actions-runner'
[2025-11-13 05:52:10Z INFO HostContext] Well known directory 'Diag': 'C:\Users\hemang.jindal\ai_news\actions-runner\_diag'
[2025-11-13 05:52:10Z INFO HostContext] Well known directory 'Bin': 'C:\Users\hemang.jindal\ai_news\actions-runner\bin'
[2025-11-13 05:52:10Z INFO HostContext] Well known directory 'Root': 'C:\Users\hemang.jindal\ai_news\actions-runner'
[2025-11-13 05:52:10Z INFO HostContext] Well known directory 'Work': 'C:\Users\hemang.jindal\ai_news\actions-runner\_work'
[2025-11-13 05:52:10Z INFO HostContext] Well known directory 'Temp': 'C:\Users\hemang.jindal\ai_news\actions-runner\_work\_temp'
[2025-11-13 05:52:10Z INFO ExecutionContext] Write event payload to C:\Users\hemang.jindal\ai_news\actions-runner\_work\_temp\_github_workflow\event.json
[2025-11-13 05:52:10Z INFO JobServerQueue] Try to append 1 batches web console lines for record 'f4aa03db-0422-4d6d-8884-948485bffb07', success rate: 1/1.
[2025-11-13 05:52:10Z INFO HostContext] Well known directory 'Bin': 'C:\Users\hemang.jindal\ai_news\actions-runner\bin'
[2025-11-13 05:52:10Z INFO HostContext] Well known directory 'Root': 'C:\Users\hemang.jindal\ai_news\actions-runner'
[2025-11-13 05:52:10Z INFO HostContext] Well known directory 'Work': 'C:\Users\hemang.jindal\ai_news\actions-runner\_work'
[2025-11-13 05:52:10Z INFO HostContext] Well known directory 'Temp': 'C:\Users\hemang.jindal\ai_news\actions-runner\_work\_temp'
[2025-11-13 05:52:10Z INFO ExtensionManager] Getting extensions for interface: 'GitHub.Runner.Worker.IFileCommandExtension'
[2025-11-13 05:52:10Z INFO ExtensionManager] Creating instance: GitHub.Runner.Worker.AddPathFileCommand, Runner.Worker
[2025-11-13 05:52:10Z INFO ExtensionManager] Creating instance: GitHub.Runner.Worker.SetEnvFileCommand, Runner.Worker
[2025-11-13 05:52:10Z INFO ExtensionManager] Creating instance: GitHub.Runner.Worker.CreateStepSummaryCommand, Runner.Worker
[2025-11-13 05:52:10Z INFO ExtensionManager] Creating instance: GitHub.Runner.Worker.SaveStateFileCommand, Runner.Worker
[2025-11-13 05:52:10Z INFO ExtensionManager] Creating instance: GitHub.Runner.Worker.SetOutputFileCommand, Runner.Worker
[2025-11-13 05:52:10Z INFO ActionManifestManager] Input 'repository': default value evaluate result: {
  "type": 0,
  "file": 2,
  "line": 6,
  "col": 14,
  "lit": "HemangJindal07/crew-ai-"
}
[2025-11-13 05:52:10Z INFO ActionManifestManager] Input 'ref': default value evaluate result: ""
[2025-11-13 05:52:10Z INFO ActionManifestManager] Input 'token': default value evaluate result: {
  "type": 0,
  "file": 2,
  "line": 24,
  "col": 14,
  "lit": "***"
}
[2025-11-13 05:52:10Z INFO ActionManifestManager] Input 'ssh-key': default value evaluate result: ""
[2025-11-13 05:52:10Z INFO ActionManifestManager] Input 'ssh-known-hosts': default value evaluate result: ""
[2025-11-13 05:52:10Z INFO ActionManifestManager] Input 'ssh-strict': default value evaluate result: {
  "type": 0,
  "file": 2,
  "line": 47,
  "col": 14,
  "lit": "true"
}
[2025-11-13 05:52:10Z INFO ActionManifestManager] Input 'ssh-user': default value evaluate result: {
  "type": 0,
  "file": 2,
  "line": 51,
  "col": 14,
  "lit": "git"
}
[2025-11-13 05:52:10Z INFO ActionManifestManager] Input 'persist-credentials': default value evaluate result: {
  "type": 0,
  "file": 2,
  "line": 54,
  "col": 14,
  "lit": "true"
}
[2025-11-13 05:52:10Z INFO ActionManifestManager] Input 'path': default value evaluate result: ""
[2025-11-13 05:52:10Z INFO ActionManifestManager] Input 'clean': default value evaluate result: {
  "type": 0,
  "file": 2,
  "line": 59,
  "col": 14,
  "lit": "true"
}
[2025-11-13 05:52:10Z INFO ActionManifestManager] Input 'filter': default value evaluate result: {
  "type": 0,
  "file": 2,
  "line": 64,
  "col": 14,
  "lit": ""
}
[2025-11-13 05:52:10Z INFO ActionManifestManager] Input 'sparse-checkout': default value evaluate result: {
  "type": 0,
  "file": 2,
  "line": 69,
  "col": 14,
  "lit": ""
}
[2025-11-13 05:52:10Z INFO ActionManifestManager] Input 'sparse-checkout-cone-mode': default value evaluate result: {
  "type": 0,
  "file": 2,
  "line": 73,
  "col": 14,
  "lit": "true"
}
[2025-11-13 05:52:10Z INFO ActionManifestManager] Input 'fetch-depth': default value evaluate result: {
  "type": 0,
  "file": 2,
  "line": 76,
  "col": 14,
  "lit": "1"
}
[2025-11-13 05:52:10Z INFO ActionManifestManager] Input 'fetch-tags': default value evaluate result: {
  "type": 0,
  "file": 2,
  "line": 79,
  "col": 14,
  "lit": "false"
}
[2025-11-13 05:52:10Z INFO ActionManifestManager] Input 'show-progress': default value evaluate result: {
  "type": 0,
  "file": 2,
  "line": 82,
  "col": 14,
  "lit": "true"
}
[2025-11-13 05:52:10Z INFO ActionManifestManager] Input 'lfs': default value evaluate result: {
  "type": 0,
  "file": 2,
  "line": 85,
  "col": 14,
  "lit": "false"
}
[2025-11-13 05:52:10Z INFO ActionManifestManager] Input 'submodules': default value evaluate result: {
  "type": 0,
  "file": 2,
  "line": 94,
  "col": 14,
  "lit": "false"
}
[2025-11-13 05:52:10Z INFO ActionManifestManager] Input 'set-safe-directory': default value evaluate result: {
  "type": 0,
  "file": 2,
  "line": 97,
  "col": 14,
  "lit": "true"
}
[2025-11-13 05:52:10Z INFO ActionManifestManager] Input 'github-server-url': default value evaluate result: ""
[2025-11-13 05:52:10Z INFO ExtensionManager] Getting extensions for interface: 'GitHub.Runner.Worker.IActionCommandExtension'
[2025-11-13 05:52:10Z INFO ExtensionManager] Creating instance: GitHub.Runner.Worker.InternalPluginSetRepoPathCommandExtension, Runner.Worker
[2025-11-13 05:52:10Z INFO ExtensionManager] Creating instance: GitHub.Runner.Worker.SetEnvCommandExtension, Runner.Worker
[2025-11-13 05:52:10Z INFO ExtensionManager] Creating instance: GitHub.Runner.Worker.SetOutputCommandExtension, Runner.Worker
[2025-11-13 05:52:10Z INFO ExtensionManager] Creating instance: GitHub.Runner.Worker.SaveStateCommandExtension, Runner.Worker
[2025-11-13 05:52:10Z INFO ExtensionManager] Creating instance: GitHub.Runner.Worker.AddPathCommandExtension, Runner.Worker
[2025-11-13 05:52:10Z INFO ExtensionManager] Creating instance: GitHub.Runner.Worker.AddMaskCommandExtension, Runner.Worker
[2025-11-13 05:52:10Z INFO ExtensionManager] Creating instance: GitHub.Runner.Worker.AddMatcherCommandExtension, Runner.Worker
[2025-11-13 05:52:10Z INFO ExtensionManager] Creating instance: GitHub.Runner.Worker.RemoveMatcherCommandExtension, Runner.Worker
[2025-11-13 05:52:10Z INFO ExtensionManager] Creating instance: GitHub.Runner.Worker.WarningCommandExtension, Runner.Worker
[2025-11-13 05:52:10Z INFO ExtensionManager] Creating instance: GitHub.Runner.Worker.ErrorCommandExtension, Runner.Worker
[2025-11-13 05:52:10Z INFO ExtensionManager] Creating instance: GitHub.Runner.Worker.NoticeCommandExtension, Runner.Worker
[2025-11-13 05:52:10Z INFO ExtensionManager] Creating instance: GitHub.Runner.Worker.DebugCommandExtension, Runner.Worker
[2025-11-13 05:52:10Z INFO ExtensionManager] Creating instance: GitHub.Runner.Worker.GroupCommandExtension, Runner.Worker
[2025-11-13 05:52:10Z INFO ExtensionManager] Creating instance: GitHub.Runner.Worker.EndGroupCommandExtension, Runner.Worker
[2025-11-13 05:52:10Z INFO ExtensionManager] Creating instance: GitHub.Runner.Worker.EchoCommandExtension, Runner.Worker
[2025-11-13 05:52:10Z INFO ActionCommandManager] Register action command extension for command internal-set-repo-path
[2025-11-13 05:52:10Z INFO ActionCommandManager] Register action command extension for command set-env
[2025-11-13 05:52:10Z INFO ActionCommandManager] Register action command extension for command set-output
[2025-11-13 05:52:10Z INFO ActionCommandManager] Register action command extension for command save-state
[2025-11-13 05:52:10Z INFO ActionCommandManager] Register action command extension for command add-path
[2025-11-13 05:52:10Z INFO ActionCommandManager] Register action command extension for command add-mask
[2025-11-13 05:52:10Z INFO ActionCommandManager] Register action command extension for command add-matcher
[2025-11-13 05:52:10Z INFO ActionCommandManager] Register action command extension for command remove-matcher
[2025-11-13 05:52:10Z INFO ActionCommandManager] Register action command extension for command warning
[2025-11-13 05:52:10Z INFO ActionCommandManager] Register action command extension for command error
[2025-11-13 05:52:10Z INFO ActionCommandManager] Register action command extension for command notice
[2025-11-13 05:52:10Z INFO ActionCommandManager] Register action command extension for command debug
[2025-11-13 05:52:10Z INFO ActionCommandManager] Register action command extension for command group
[2025-11-13 05:52:10Z INFO ActionCommandManager] Register action command extension for command endgroup
[2025-11-13 05:52:10Z INFO ActionCommandManager] Register action command extension for command echo
[2025-11-13 05:52:10Z INFO HostContext] Well known directory 'Bin': 'C:\Users\hemang.jindal\ai_news\actions-runner\bin'
[2025-11-13 05:52:10Z INFO HostContext] Well known directory 'Root': 'C:\Users\hemang.jindal\ai_news\actions-runner'
[2025-11-13 05:52:10Z INFO HostContext] Well known directory 'Externals': 'C:\Users\hemang.jindal\ai_news\actions-runner\externals'
[2025-11-13 05:52:10Z INFO ProcessInvokerWrapper] Starting process:
[2025-11-13 05:52:10Z INFO ProcessInvokerWrapper]   File name: 'C:\Users\hemang.jindal\ai_news\actions-runner\externals\node20\bin\node.exe'
[2025-11-13 05:52:10Z INFO ProcessInvokerWrapper]   Arguments: '"C:\Users\hemang.jindal\ai_news\actions-runner\_work\_actions\actions\checkout\v4\dist/index.js"'
[2025-11-13 05:52:10Z INFO ProcessInvokerWrapper]   Working directory: 'C:\Users\hemang.jindal\ai_news\actions-runner\_work\crew-ai-\crew-ai-'
[2025-11-13 05:52:10Z INFO ProcessInvokerWrapper]   Require exit code zero: 'False'
[2025-11-13 05:52:10Z INFO ProcessInvokerWrapper]   Encoding web name: utf-8 ; code page: '65001'
[2025-11-13 05:52:10Z INFO ProcessInvokerWrapper]   Force kill process on cancellation: 'False'
[2025-11-13 05:52:10Z INFO ProcessInvokerWrapper]   Redirected STDIN: 'False'
[2025-11-13 05:52:10Z INFO ProcessInvokerWrapper]   Persist current code page: 'True'
[2025-11-13 05:52:10Z INFO ProcessInvokerWrapper]   Keep redirected STDIN open: 'False'
[2025-11-13 05:52:10Z INFO ProcessInvokerWrapper]   High priority process: 'False'
[2025-11-13 05:52:11Z INFO ProcessInvokerWrapper] Process started with process id 18396, waiting for process exit.
[2025-11-13 05:52:11Z INFO JobServerQueue] Try to append 1 batches web console lines for record '3170bc3b-06b0-4a56-a8ee-b0529f2abbed', success rate: 1/1.
[2025-11-13 05:52:11Z INFO AddMaskCommandExtension] Add new secret mask with length of 76
[2025-11-13 05:52:11Z INFO JobServerQueue] Try to append 1 batches web console lines for record '3170bc3b-06b0-4a56-a8ee-b0529f2abbed', success rate: 1/1.
[2025-11-13 05:52:11Z INFO JobServerQueue] Try to append 1 batches web console lines for record '3170bc3b-06b0-4a56-a8ee-b0529f2abbed', success rate: 1/1.
[2025-11-13 05:52:11Z INFO JobServerQueue] Try to append 1 batches web console lines for record '3170bc3b-06b0-4a56-a8ee-b0529f2abbed', success rate: 1/1.
[2025-11-13 05:52:12Z INFO JobServerQueue] Try to append 1 batches web console lines for record '3170bc3b-06b0-4a56-a8ee-b0529f2abbed', success rate: 1/1.
[2025-11-13 05:52:12Z INFO JobServerQueue] Tried to upload 1 file(s) to results, success rate: 1/1.
[2025-11-13 05:52:15Z INFO JobServerQueue] Try to append 1 batches web console lines for record '3170bc3b-06b0-4a56-a8ee-b0529f2abbed', success rate: 1/1.
[2025-11-13 05:52:15Z INFO JobServerQueue] Try to append 1 batches web console lines for record '3170bc3b-06b0-4a56-a8ee-b0529f2abbed', success rate: 1/1.
[2025-11-13 05:52:15Z INFO JobServerQueue] Try to append 1 batches web console lines for record '3170bc3b-06b0-4a56-a8ee-b0529f2abbed', success rate: 1/1.
[2025-11-13 05:52:18Z INFO JobServerQueue] Try to append 1 batches web console lines for record '3170bc3b-06b0-4a56-a8ee-b0529f2abbed', success rate: 1/1.
[2025-11-13 05:52:20Z INFO HostContext] Well known directory 'Bin': 'C:\Users\hemang.jindal\ai_news\actions-runner\bin'
[2025-11-13 05:52:20Z INFO HostContext] Well known directory 'Root': 'C:\Users\hemang.jindal\ai_news\actions-runner'
[2025-11-13 05:52:20Z INFO HostContext] Well known directory 'Work': 'C:\Users\hemang.jindal\ai_news\actions-runner\_work'
[2025-11-13 05:52:21Z INFO JobServerQueue] Try to append 1 batches web console lines for record '3170bc3b-06b0-4a56-a8ee-b0529f2abbed', success rate: 1/1.
[2025-11-13 05:52:21Z INFO JobServerQueue] Try to append 1 batches web console lines for record '3170bc3b-06b0-4a56-a8ee-b0529f2abbed', success rate: 1/1.
[2025-11-13 05:52:22Z INFO JobServerQueue] Try to append 1 batches web console lines for record '3170bc3b-06b0-4a56-a8ee-b0529f2abbed', success rate: 1/1.
[2025-11-13 05:52:23Z INFO JobServerQueue] Try to append 1 batches web console lines for record '3170bc3b-06b0-4a56-a8ee-b0529f2abbed', success rate: 1/1.
[2025-11-13 05:52:23Z INFO JobServerQueue] Try to append 1 batches web console lines for record '3170bc3b-06b0-4a56-a8ee-b0529f2abbed', success rate: 1/1.
[2025-11-13 05:52:23Z INFO ProcessInvokerWrapper] STDOUT/STDERR stream read finished.
[2025-11-13 05:52:23Z INFO ProcessInvokerWrapper] STDOUT/STDERR stream read finished.
[2025-11-13 05:52:23Z INFO ProcessInvokerWrapper] Finished process 18396 with exit code 0, and elapsed time 00:00:12.5615349.
[2025-11-13 05:52:23Z INFO CreateStepSummaryCommand] Step Summary file (C:\Users\hemang.jindal\ai_news\actions-runner\_work\_temp\_runner_file_commands\step_summary_733536c6-7a9b-402d-9e2b-575cf7f5e474) is empty; skipping attachment upload
[2025-11-13 05:52:23Z INFO StepsRunner] Step result: 
[2025-11-13 05:52:23Z INFO ExecutionContext] Publish step telemetry for current step {
  "action": "actions/checkout",
  "ref": "v4",
  "type": "node20",
  "stage": "Main",
  "stepId": "3170bc3b-06b0-4a56-a8ee-b0529f2abbed",
  "stepContextName": "__actions_checkout",
  "hasPreStep": false,
  "hasPostStep": true,
  "result": "succeeded",
  "errorMessages": [],
  "executionTimeInSeconds": 13,
  "startTime": "2025-11-13T05:52:10.8702831Z",
  "finishTime": "2025-11-13T05:52:23.5757057Z"
}.
[2025-11-13 05:52:23Z INFO JobServerQueue] Try to append 1 batches web console lines for record '3170bc3b-06b0-4a56-a8ee-b0529f2abbed', success rate: 1/1.
[2025-11-13 05:52:23Z INFO StepsRunner] No need for updating job result with current step result 'Succeeded'.
[2025-11-13 05:52:23Z INFO StepsRunner] Current state: job state = ''
[2025-11-13 05:52:23Z INFO StepsRunner] Processing step: DisplayName='🐍 Set up Python'
[2025-11-13 05:52:23Z INFO StepsRunner] Evaluating: success()
[2025-11-13 05:52:23Z INFO StepsRunner] Result: true
[2025-11-13 05:52:23Z INFO StepsRunner] Starting the step.
[2025-11-13 05:52:23Z INFO HostContext] Well known directory 'Bin': 'C:\Users\hemang.jindal\ai_news\actions-runner\bin'
[2025-11-13 05:52:23Z INFO HostContext] Well known directory 'Root': 'C:\Users\hemang.jindal\ai_news\actions-runner'
[2025-11-13 05:52:23Z INFO HostContext] Well known directory 'Work': 'C:\Users\hemang.jindal\ai_news\actions-runner\_work'
[2025-11-13 05:52:23Z INFO StepsRunner] Which2: 'chcp'
[2025-11-13 05:52:23Z INFO StepsRunner] Location: 'C:\WINDOWS\system32\chcp.COM'
[2025-11-13 05:52:23Z INFO ProcessInvokerWrapper] Starting process:
[2025-11-13 05:52:23Z INFO ProcessInvokerWrapper]   File name: 'C:\WINDOWS\system32\chcp.COM'
[2025-11-13 05:52:23Z INFO ProcessInvokerWrapper]   Arguments: '65001'
[2025-11-13 05:52:23Z INFO ProcessInvokerWrapper]   Working directory: 'C:\Users\hemang.jindal\ai_news\actions-runner\_work'
[2025-11-13 05:52:23Z INFO ProcessInvokerWrapper]   Require exit code zero: 'False'
[2025-11-13 05:52:23Z INFO ProcessInvokerWrapper]   Encoding web name:  ; code page: ''
[2025-11-13 05:52:23Z INFO ProcessInvokerWrapper]   Force kill process on cancellation: 'False'
[2025-11-13 05:52:23Z INFO ProcessInvokerWrapper]   Redirected STDIN: 'False'
[2025-11-13 05:52:23Z INFO ProcessInvokerWrapper]   Persist current code page: 'True'
[2025-11-13 05:52:23Z INFO ProcessInvokerWrapper]   Keep redirected STDIN open: 'False'
[2025-11-13 05:52:23Z INFO ProcessInvokerWrapper]   High priority process: 'False'
[2025-11-13 05:52:23Z INFO ProcessInvokerWrapper] Process started with process id 9240, waiting for process exit.
[2025-11-13 05:52:23Z INFO ProcessInvokerWrapper] STDOUT/STDERR stream read finished.
[2025-11-13 05:52:23Z INFO ProcessInvokerWrapper] STDOUT/STDERR stream read finished.
[2025-11-13 05:52:23Z INFO ProcessInvokerWrapper] Finished process 9240 with exit code 0, and elapsed time 00:00:00.0364889.
[2025-11-13 05:52:23Z INFO StepsRunner] Successfully returned to code page 65001 (UTF8)
[2025-11-13 05:52:23Z INFO HostContext] Well known directory 'Bin': 'C:\Users\hemang.jindal\ai_news\actions-runner\bin'
[2025-11-13 05:52:23Z INFO HostContext] Well known directory 'Root': 'C:\Users\hemang.jindal\ai_news\actions-runner'
[2025-11-13 05:52:23Z INFO HostContext] Well known directory 'Work': 'C:\Users\hemang.jindal\ai_news\actions-runner\_work'
[2025-11-13 05:52:23Z INFO HostContext] Well known directory 'Actions': 'C:\Users\hemang.jindal\ai_news\actions-runner\_work\_actions'
[2025-11-13 05:52:23Z INFO ActionManager] Load action that reference repository from 'C:\Users\hemang.jindal\ai_news\actions-runner\_work\_actions\actions\setup-python\v5'
[2025-11-13 05:52:23Z INFO HostContext] Well known directory 'Bin': 'C:\Users\hemang.jindal\ai_news\actions-runner\bin'
[2025-11-13 05:52:23Z INFO HostContext] Well known directory 'Root': 'C:\Users\hemang.jindal\ai_news\actions-runner'
[2025-11-13 05:52:23Z INFO HostContext] Well known directory 'Work': 'C:\Users\hemang.jindal\ai_news\actions-runner\_work'
[2025-11-13 05:52:23Z INFO HostContext] Well known directory 'Actions': 'C:\Users\hemang.jindal\ai_news\actions-runner\_work\_actions'
[2025-11-13 05:52:23Z INFO ActionManifestManager] Ignore action property author.
[2025-11-13 05:52:23Z INFO ActionManifestManager] Ignore action property branding.
[2025-11-13 05:52:23Z INFO ActionManifestManager] Loaded action.yml file: {
  "name": "Setup Python",
  "description": "Set up a specific version of Python and add the command-line tools to the PATH.",
  "inputs": {
    "type": 2,
    "map": [
      {
        "key": {
          "type": 0,
          "file": 3,
          "line": 6,
          "col": 3,
          "lit": "python-version"
        },
        "value": ""
      },
      {
        "key": {
          "type": 0,
          "file": 3,
          "line": 8,
          "col": 3,
          "lit": "python-version-file"
        },
        "value": ""
      },
      {
        "key": {
          "type": 0,
          "file": 3,
          "line": 10,
          "col": 3,
          "lit": "cache"
        },
        "value": ""
      },
      {
        "key": {
          "type": 0,
          "file": 3,
          "line": 13,
          "col": 3,
          "lit": "architecture"
        },
        "value": ""
      },
      {
        "key": {
          "type": 0,
          "file": 3,
          "line": 15,
          "col": 3,
          "lit": "check-latest"
        },
        "value": {
          "type": 0,
          "file": 3,
          "line": 17,
          "col": 14,
          "lit": "false"
        }
      },
      {
        "key": {
          "type": 0,
          "file": 3,
          "line": 18,
          "col": 3,
          "lit": "token"
        },
        "value": {
          "type": 3,
          "file": 3,
          "line": 20,
          "col": 14,
          "expr": "github.server_url == 'https://github.com' && github.token || ''"
        }
      },
      {
        "key": {
          "type": 0,
          "file": 3,
          "line": 21,
          "col": 3,
          "lit": "cache-dependency-path"
        },
        "value": ""
      },
      {
        "key": {
          "type": 0,
          "file": 3,
          "line": 23,
          "col": 3,
          "lit": "update-environment"
        },
        "value": {
          "type": 0,
          "file": 3,
          "line": 25,
          "col": 14,
          "lit": "true"
        }
      },
      {
        "key": {
          "type": 0,
          "file": 3,
          "line": 26,
          "col": 3,
          "lit": "allow-prereleases"
        },
        "value": {
          "type": 0,
          "file": 3,
          "line": 28,
          "col": 14,
          "lit": "false"
        }
      },
      {
        "key": {
          "type": 0,
          "file": 3,
          "line": 29,
          "col": 3,
          "lit": "freethreaded"
        },
        "value": {
          "type": 0,
          "file": 3,
          "line": 31,
          "col": 14,
          "lit": "false"
        }
      }
    ]
  },
  "execution": {
    "executionType": "nodeJS",
    "hasPre": false,
    "hasPost": true,
    "script": "dist/setup/index.js",
    "pre": null,
    "post": "dist/cache-save/index.js",
    "nodeVersion": "node20",
    "cleanupCondition": "success()",
    "initCondition": "always()"
  },
  "deprecated": null
}
[2025-11-13 05:52:23Z INFO ActionManager] Action pre node.js file: N/A.
[2025-11-13 05:52:23Z INFO ActionManager] Action node.js file: dist/setup/index.js.
[2025-11-13 05:52:23Z INFO ActionManager] Action post node.js file: dist/cache-save/index.js.
[2025-11-13 05:52:23Z INFO HostContext] Well known directory 'Bin': 'C:\Users\hemang.jindal\ai_news\actions-runner\bin'
[2025-11-13 05:52:23Z INFO HostContext] Well known directory 'Root': 'C:\Users\hemang.jindal\ai_news\actions-runner'
[2025-11-13 05:52:23Z INFO HostContext] Well known directory 'Diag': 'C:\Users\hemang.jindal\ai_news\actions-runner\_diag'
[2025-11-13 05:52:23Z INFO HostContext] Well known directory 'Bin': 'C:\Users\hemang.jindal\ai_news\actions-runner\bin'
[2025-11-13 05:52:23Z INFO HostContext] Well known directory 'Root': 'C:\Users\hemang.jindal\ai_news\actions-runner'
[2025-11-13 05:52:23Z INFO HostContext] Well known directory 'Diag': 'C:\Users\hemang.jindal\ai_news\actions-runner\_diag'
[2025-11-13 05:52:23Z INFO HostContext] Well known directory 'Bin': 'C:\Users\hemang.jindal\ai_news\actions-runner\bin'
[2025-11-13 05:52:23Z INFO HostContext] Well known directory 'Root': 'C:\Users\hemang.jindal\ai_news\actions-runner'
[2025-11-13 05:52:23Z INFO HostContext] Well known directory 'Work': 'C:\Users\hemang.jindal\ai_news\actions-runner\_work'
[2025-11-13 05:52:23Z INFO HostContext] Well known directory 'Temp': 'C:\Users\hemang.jindal\ai_news\actions-runner\_work\_temp'
[2025-11-13 05:52:23Z INFO ExecutionContext] Write event payload to C:\Users\hemang.jindal\ai_news\actions-runner\_work\_temp\_github_workflow\event.json
[2025-11-13 05:52:23Z INFO HostContext] Well known directory 'Bin': 'C:\Users\hemang.jindal\ai_news\actions-runner\bin'
[2025-11-13 05:52:23Z INFO HostContext] Well known directory 'Root': 'C:\Users\hemang.jindal\ai_news\actions-runner'
[2025-11-13 05:52:23Z INFO HostContext] Well known directory 'Work': 'C:\Users\hemang.jindal\ai_news\actions-runner\_work'
[2025-11-13 05:52:23Z INFO HostContext] Well known directory 'Temp': 'C:\Users\hemang.jindal\ai_news\actions-runner\_work\_temp'
[2025-11-13 05:52:23Z INFO ExtensionManager] Getting extensions for interface: 'GitHub.Runner.Worker.IFileCommandExtension'
[2025-11-13 05:52:23Z INFO ActionManifestManager] Input 'python-version-file': default value evaluate result: ""
[2025-11-13 05:52:23Z INFO ActionManifestManager] Input 'cache': default value evaluate result: ""
[2025-11-13 05:52:23Z INFO ActionManifestManager] Input 'architecture': default value evaluate result: ""
[2025-11-13 05:52:23Z INFO ActionManifestManager] Input 'check-latest': default value evaluate result: {
  "type": 0,
  "file": 3,
  "line": 17,
  "col": 14,
  "lit": "false"
}
[2025-11-13 05:52:23Z INFO ActionManifestManager] Input 'token': default value evaluate result: {
  "type": 0,
  "file": 3,
  "line": 20,
  "col": 14,
  "lit": "***"
}
[2025-11-13 05:52:23Z INFO ActionManifestManager] Input 'cache-dependency-path': default value evaluate result: ""
[2025-11-13 05:52:23Z INFO ActionManifestManager] Input 'update-environment': default value evaluate result: {
  "type": 0,
  "file": 3,
  "line": 25,
  "col": 14,
  "lit": "true"
}
[2025-11-13 05:52:23Z INFO ActionManifestManager] Input 'allow-prereleases': default value evaluate result: {
  "type": 0,
  "file": 3,
  "line": 28,
  "col": 14,
  "lit": "false"
}
[2025-11-13 05:52:23Z INFO ActionManifestManager] Input 'freethreaded': default value evaluate result: {
  "type": 0,
  "file": 3,
  "line": 31,
  "col": 14,
  "lit": "false"
}
[2025-11-13 05:52:23Z INFO ExtensionManager] Getting extensions for interface: 'GitHub.Runner.Worker.IActionCommandExtension'
[2025-11-13 05:52:23Z INFO ActionCommandManager] Register action command extension for command internal-set-repo-path
[2025-11-13 05:52:23Z INFO ActionCommandManager] Register action command extension for command set-env
[2025-11-13 05:52:23Z INFO ActionCommandManager] Register action command extension for command set-output
[2025-11-13 05:52:23Z INFO ActionCommandManager] Register action command extension for command save-state
[2025-11-13 05:52:23Z INFO ActionCommandManager] Register action command extension for command add-path
[2025-11-13 05:52:23Z INFO ActionCommandManager] Register action command extension for command add-mask
[2025-11-13 05:52:23Z INFO ActionCommandManager] Register action command extension for command add-matcher
[2025-11-13 05:52:23Z INFO ActionCommandManager] Register action command extension for command remove-matcher
[2025-11-13 05:52:23Z INFO ActionCommandManager] Register action command extension for command warning
[2025-11-13 05:52:23Z INFO ActionCommandManager] Register action command extension for command error
[2025-11-13 05:52:23Z INFO ActionCommandManager] Register action command extension for command notice
[2025-11-13 05:52:23Z INFO ActionCommandManager] Register action command extension for command debug
[2025-11-13 05:52:23Z INFO ActionCommandManager] Register action command extension for command group
[2025-11-13 05:52:23Z INFO ActionCommandManager] Register action command extension for command endgroup
[2025-11-13 05:52:23Z INFO ActionCommandManager] Register action command extension for command echo
[2025-11-13 05:52:23Z INFO HostContext] Well known directory 'Bin': 'C:\Users\hemang.jindal\ai_news\actions-runner\bin'
[2025-11-13 05:52:23Z INFO HostContext] Well known directory 'Root': 'C:\Users\hemang.jindal\ai_news\actions-runner'
[2025-11-13 05:52:23Z INFO HostContext] Well known directory 'Externals': 'C:\Users\hemang.jindal\ai_news\actions-runner\externals'
[2025-11-13 05:52:23Z INFO ProcessInvokerWrapper] Starting process:
[2025-11-13 05:52:23Z INFO ProcessInvokerWrapper]   File name: 'C:\Users\hemang.jindal\ai_news\actions-runner\externals\node20\bin\node.exe'
[2025-11-13 05:52:23Z INFO ProcessInvokerWrapper]   Arguments: '"C:\Users\hemang.jindal\ai_news\actions-runner\_work\_actions\actions\setup-python\v5\dist/setup/index.js"'
[2025-11-13 05:52:23Z INFO ProcessInvokerWrapper]   Working directory: 'C:\Users\hemang.jindal\ai_news\actions-runner\_work\crew-ai-\crew-ai-'
[2025-11-13 05:52:23Z INFO ProcessInvokerWrapper]   Require exit code zero: 'False'
[2025-11-13 05:52:23Z INFO ProcessInvokerWrapper]   Encoding web name: utf-8 ; code page: '65001'
[2025-11-13 05:52:23Z INFO ProcessInvokerWrapper]   Force kill process on cancellation: 'False'
[2025-11-13 05:52:23Z INFO ProcessInvokerWrapper]   Redirected STDIN: 'False'
[2025-11-13 05:52:23Z INFO ProcessInvokerWrapper]   Persist current code page: 'True'
[2025-11-13 05:52:23Z INFO ProcessInvokerWrapper]   Keep redirected STDIN open: 'False'
[2025-11-13 05:52:23Z INFO ProcessInvokerWrapper]   High priority process: 'False'
[2025-11-13 05:52:23Z INFO ProcessInvokerWrapper] Process started with process id 10980, waiting for process exit.
[2025-11-13 05:52:23Z INFO JobServerQueue] Got a step log file to send to results service.
[2025-11-13 05:52:23Z INFO JobServerQueue] Starting upload of step log file to results service ResultsLog, C:\Users\hemang.jindal\ai_news\actions-runner\_diag\blocks\de345fa1-a5b1-4896-8942-c6af5eaaa428_3170bc3b-06b0-4a56-a8ee-b0529f2abbed.1
[2025-11-13 05:52:23Z INFO JobServerQueue] Try to append 1 batches web console lines for record '1e798c46-262a-4b5d-a8c3-0f9b87faf326', success rate: 1/1.
[2025-11-13 05:52:23Z INFO JobServerQueue] Try to upload 1 log files or attachments, success rate: 1/1.
[2025-11-13 05:52:24Z INFO JobServerQueue] Try to append 1 batches web console lines for record '1e798c46-262a-4b5d-a8c3-0f9b87faf326', success rate: 1/1.
[2025-11-13 05:52:24Z INFO JobServerQueue] Tried to upload 1 file(s) to results, success rate: 1/1.
[2025-11-13 05:52:25Z INFO JobServerQueue] Try to append 1 batches web console lines for record '1e798c46-262a-4b5d-a8c3-0f9b87faf326', success rate: 1/1.
[2025-11-13 05:52:27Z INFO JobServerQueue] Try to append 1 batches web console lines for record '1e798c46-262a-4b5d-a8c3-0f9b87faf326', success rate: 1/1.
[2025-11-13 05:52:27Z INFO JobServerQueue] Try to append 1 batches web console lines for record '1e798c46-262a-4b5d-a8c3-0f9b87faf326', success rate: 1/1.
[2025-11-13 05:52:28Z INFO JobServerQueue] Try to append 1 batches web console lines for record '1e798c46-262a-4b5d-a8c3-0f9b87faf326', success rate: 1/1.
[2025-11-13 05:52:29Z INFO JobServerQueue] Try to append 1 batches web console lines for record '1e798c46-262a-4b5d-a8c3-0f9b87faf326', success rate: 1/1.
[2025-11-13 05:52:29Z INFO JobServerQueue] Try to append 1 batches web console lines for record '1e798c46-262a-4b5d-a8c3-0f9b87faf326', success rate: 1/1.
[2025-11-13 05:52:30Z INFO JobServerQueue] Try to append 1 batches web console lines for record '1e798c46-262a-4b5d-a8c3-0f9b87faf326', success rate: 1/1.
[2025-11-13 05:52:30Z INFO HostContext] Well known directory 'Bin': 'C:\Users\hemang.jindal\ai_news\actions-runner\bin'
[2025-11-13 05:52:30Z INFO HostContext] Well known directory 'Root': 'C:\Users\hemang.jindal\ai_news\actions-runner'
[2025-11-13 05:52:30Z INFO HostContext] Well known directory 'Work': 'C:\Users\hemang.jindal\ai_news\actions-runner\_work'
[2025-11-13 05:52:40Z INFO HostContext] Well known directory 'Bin': 'C:\Users\hemang.jindal\ai_news\actions-runner\bin'
[2025-11-13 05:52:40Z INFO HostContext] Well known directory 'Root': 'C:\Users\hemang.jindal\ai_news\actions-runner'
[2025-11-13 05:52:40Z INFO HostContext] Well known directory 'Work': 'C:\Users\hemang.jindal\ai_news\actions-runner\_work'
[2025-11-13 05:52:50Z INFO HostContext] Well known directory 'Bin': 'C:\Users\hemang.jindal\ai_news\actions-runner\bin'
[2025-11-13 05:52:50Z INFO HostContext] Well known directory 'Root': 'C:\Users\hemang.jindal\ai_news\actions-runner'
[2025-11-13 05:52:50Z INFO HostContext] Well known directory 'Work': 'C:\Users\hemang.jindal\ai_news\actions-runner\_work'
[2025-11-13 05:52:56Z INFO JobServerQueue] Stop aggressive process web console line queue.
[2025-11-13 05:53:00Z INFO HostContext] Well known directory 'Bin': 'C:\Users\hemang.jindal\ai_news\actions-runner\bin'
[2025-11-13 05:53:00Z INFO HostContext] Well known directory 'Root': 'C:\Users\hemang.jindal\ai_news\actions-runner'
[2025-11-13 05:53:00Z INFO HostContext] Well known directory 'Work': 'C:\Users\hemang.jindal\ai_news\actions-runner\_work'
[2025-11-13 05:53:10Z INFO HostContext] Well known directory 'Bin': 'C:\Users\hemang.jindal\ai_news\actions-runner\bin'
[2025-11-13 05:53:10Z INFO HostContext] Well known directory 'Root': 'C:\Users\hemang.jindal\ai_news\actions-runner'
[2025-11-13 05:53:10Z INFO HostContext] Well known directory 'Work': 'C:\Users\hemang.jindal\ai_news\actions-runner\_work'
[2025-11-13 05:53:20Z INFO HostContext] Well known directory 'Bin': 'C:\Users\hemang.jindal\ai_news\actions-runner\bin'
[2025-11-13 05:53:20Z INFO HostContext] Well known directory 'Root': 'C:\Users\hemang.jindal\ai_news\actions-runner'
[2025-11-13 05:53:20Z INFO HostContext] Well known directory 'Work': 'C:\Users\hemang.jindal\ai_news\actions-runner\_work'
[2025-11-13 05:53:30Z INFO HostContext] Well known directory 'Bin': 'C:\Users\hemang.jindal\ai_news\actions-runner\bin'
[2025-11-13 05:53:30Z INFO HostContext] Well known directory 'Root': 'C:\Users\hemang.jindal\ai_news\actions-runner'
[2025-11-13 05:53:30Z INFO HostContext] Well known directory 'Work': 'C:\Users\hemang.jindal\ai_news\actions-runner\_work'
[2025-11-13 05:53:40Z INFO HostContext] Well known directory 'Bin': 'C:\Users\hemang.jindal\ai_news\actions-runner\bin'
[2025-11-13 05:53:40Z INFO HostContext] Well known directory 'Root': 'C:\Users\hemang.jindal\ai_news\actions-runner'
[2025-11-13 05:53:40Z INFO HostContext] Well known directory 'Work': 'C:\Users\hemang.jindal\ai_news\actions-runner\_work'
[2025-11-13 05:53:50Z INFO HostContext] Well known directory 'Bin': 'C:\Users\hemang.jindal\ai_news\actions-runner\bin'
[2025-11-13 05:53:50Z INFO HostContext] Well known directory 'Root': 'C:\Users\hemang.jindal\ai_news\actions-runner'
[2025-11-13 05:53:50Z INFO HostContext] Well known directory 'Work': 'C:\Users\hemang.jindal\ai_news\actions-runner\_work'
[2025-11-13 05:54:00Z INFO HostContext] Well known directory 'Bin': 'C:\Users\hemang.jindal\ai_news\actions-runner\bin'
[2025-11-13 05:54:00Z INFO HostContext] Well known directory 'Root': 'C:\Users\hemang.jindal\ai_news\actions-runner'
[2025-11-13 05:54:00Z INFO HostContext] Well known directory 'Work': 'C:\Users\hemang.jindal\ai_news\actions-runner\_work'
[2025-11-13 05:54:10Z INFO HostContext] Well known directory 'Bin': 'C:\Users\hemang.jindal\ai_news\actions-runner\bin'
[2025-11-13 05:54:10Z INFO HostContext] Well known directory 'Root': 'C:\Users\hemang.jindal\ai_news\actions-runner'
[2025-11-13 05:54:10Z INFO HostContext] Well known directory 'Work': 'C:\Users\hemang.jindal\ai_news\actions-runner\_work'
[2025-11-13 05:54:20Z INFO HostContext] Well known directory 'Bin': 'C:\Users\hemang.jindal\ai_news\actions-runner\bin'
[2025-11-13 05:54:20Z INFO HostContext] Well known directory 'Root': 'C:\Users\hemang.jindal\ai_news\actions-runner'
[2025-11-13 05:54:20Z INFO HostContext] Well known directory 'Work': 'C:\Users\hemang.jindal\ai_news\actions-runner\_work'
[2025-11-13 05:54:30Z INFO HostContext] Well known directory 'Bin': 'C:\Users\hemang.jindal\ai_news\actions-runner\bin'
[2025-11-13 05:54:30Z INFO HostContext] Well known directory 'Root': 'C:\Users\hemang.jindal\ai_news\actions-runner'
[2025-11-13 05:54:30Z INFO HostContext] Well known directory 'Work': 'C:\Users\hemang.jindal\ai_news\actions-runner\_work'
[2025-11-13 05:54:40Z INFO HostContext] Well known directory 'Bin': 'C:\Users\hemang.jindal\ai_news\actions-runner\bin'
[2025-11-13 05:54:40Z INFO HostContext] Well known directory 'Root': 'C:\Users\hemang.jindal\ai_news\actions-runner'
[2025-11-13 05:54:40Z INFO HostContext] Well known directory 'Work': 'C:\Users\hemang.jindal\ai_news\actions-runner\_work'
[2025-11-13 05:54:44Z INFO ProcessInvokerWrapper] STDOUT/STDERR stream read finished.
[2025-11-13 05:54:44Z INFO ProcessInvokerWrapper] STDOUT/STDERR stream read finished.
[2025-11-13 05:54:44Z INFO ProcessInvokerWrapper] Finished process 10980 with exit code 1, and elapsed time 00:02:20.6883950.
[2025-11-13 05:54:44Z INFO CreateStepSummaryCommand] Step Summary file (C:\Users\hemang.jindal\ai_news\actions-runner\_work\_temp\_runner_file_commands\step_summary_b5cabb83-615f-4a8a-9bbf-14c6ce7dd25e) is empty; skipping attachment upload
[2025-11-13 05:54:44Z INFO StepsRunner] Step result: Failed
[2025-11-13 05:54:44Z INFO ExecutionContext] Publish step telemetry for current step {
  "action": "actions/setup-python",
  "ref": "v5",
  "type": "node20",
  "stage": "Main",
  "stepId": "1e798c46-262a-4b5d-a8c3-0f9b87faf326",
  "stepContextName": "__actions_setup-python",
  "hasPreStep": false,
  "hasPostStep": true,
  "result": "failed",
  "errorMessages": [
    "Error happened during Python installation",
    "At C:\\Users\\hemang.jindal\\ai_news\\actions-runner\\_work\\_temp\\c2634f8a-aba5-401b-9402-93229f0efc4b\\setup.ps1:127 char:5\r\n+     Throw \"Error happened during Python installation\"\r\n+     ~~~~~~~~~~~~~~~~~~~~~~~~~~~~~~~~~~~~~~~~~~~~~~~~~\r\n    + CategoryInfo    ",
    "The process 'C:\\WINDOWS\\System32\\WindowsPowerShell\\v1.0\\powershell.exe' failed with exit code 1"
  ],
  "executionTimeInSeconds": 141,
  "startTime": "2025-11-13T05:52:23.5847526Z",
  "finishTime": "2025-11-13T05:54:44.3492574Z"
}.
[2025-11-13 05:54:44Z INFO StepsRunner] Update job result with current step result 'Failed'.
[2025-11-13 05:54:44Z INFO StepsRunner] Current state: job state = 'Failed'
[2025-11-13 05:54:44Z INFO StepsRunner] Processing step: DisplayName='💾 Cache uv virtualenv'
[2025-11-13 05:54:44Z INFO StepsRunner] Evaluating: success()
[2025-11-13 05:54:44Z INFO StepsRunner] Result: false
[2025-11-13 05:54:44Z INFO StepsRunner] Skipping step due to condition evaluation.
[2025-11-13 05:54:44Z INFO StepsRunner] No need for updating job result with current step result 'Skipped'.
[2025-11-13 05:54:44Z INFO StepsRunner] Current state: job state = 'Failed'
[2025-11-13 05:54:44Z INFO StepsRunner] Processing step: DisplayName='📦 Install uv'
[2025-11-13 05:54:44Z INFO StepsRunner] Evaluating: success()
[2025-11-13 05:54:44Z INFO StepsRunner] Result: false
[2025-11-13 05:54:44Z INFO StepsRunner] Skipping step due to condition evaluation.
[2025-11-13 05:54:44Z INFO StepsRunner] No need for updating job result with current step result 'Skipped'.
[2025-11-13 05:54:44Z INFO StepsRunner] Current state: job state = 'Failed'
[2025-11-13 05:54:44Z INFO StepsRunner] Processing step: DisplayName='🔧 Install dependencies'
[2025-11-13 05:54:44Z INFO StepsRunner] Evaluating: success()
[2025-11-13 05:54:44Z INFO StepsRunner] Result: false
[2025-11-13 05:54:44Z INFO StepsRunner] Skipping step due to condition evaluation.
[2025-11-13 05:54:44Z INFO StepsRunner] No need for updating job result with current step result 'Skipped'.
[2025-11-13 05:54:44Z INFO StepsRunner] Current state: job state = 'Failed'
[2025-11-13 05:54:44Z INFO StepsRunner] Processing step: DisplayName='🤖 Run CrewAI'
[2025-11-13 05:54:44Z INFO StepsRunner] Evaluating: success()
[2025-11-13 05:54:44Z INFO StepsRunner] Result: false
[2025-11-13 05:54:44Z INFO StepsRunner] Skipping step due to condition evaluation.
[2025-11-13 05:54:44Z INFO StepsRunner] No need for updating job result with current step result 'Skipped'.
[2025-11-13 05:54:44Z INFO StepsRunner] Current state: job state = 'Failed'
[2025-11-13 05:54:44Z INFO StepsRunner] Processing step: DisplayName='📤 Upload results'
[2025-11-13 05:54:44Z INFO StepsRunner] Evaluating: always()
[2025-11-13 05:54:44Z INFO StepsRunner] Result: true
[2025-11-13 05:54:44Z INFO StepsRunner] Starting the step.
[2025-11-13 05:54:44Z INFO HostContext] Well known directory 'Bin': 'C:\Users\hemang.jindal\ai_news\actions-runner\bin'
[2025-11-13 05:54:44Z INFO HostContext] Well known directory 'Root': 'C:\Users\hemang.jindal\ai_news\actions-runner'
[2025-11-13 05:54:44Z INFO HostContext] Well known directory 'Work': 'C:\Users\hemang.jindal\ai_news\actions-runner\_work'
[2025-11-13 05:54:44Z INFO StepsRunner] Which2: 'chcp'
[2025-11-13 05:54:44Z INFO StepsRunner] Location: 'C:\WINDOWS\system32\chcp.COM'
[2025-11-13 05:54:44Z INFO ProcessInvokerWrapper] Starting process:
[2025-11-13 05:54:44Z INFO ProcessInvokerWrapper]   File name: 'C:\WINDOWS\system32\chcp.COM'
[2025-11-13 05:54:44Z INFO ProcessInvokerWrapper]   Arguments: '65001'
[2025-11-13 05:54:44Z INFO ProcessInvokerWrapper]   Working directory: 'C:\Users\hemang.jindal\ai_news\actions-runner\_work'
[2025-11-13 05:54:44Z INFO ProcessInvokerWrapper]   Require exit code zero: 'False'
[2025-11-13 05:54:44Z INFO ProcessInvokerWrapper]   Encoding web name:  ; code page: ''
[2025-11-13 05:54:44Z INFO ProcessInvokerWrapper]   Force kill process on cancellation: 'False'
[2025-11-13 05:54:44Z INFO ProcessInvokerWrapper]   Redirected STDIN: 'False'
[2025-11-13 05:54:44Z INFO ProcessInvokerWrapper]   Persist current code page: 'True'
[2025-11-13 05:54:44Z INFO ProcessInvokerWrapper]   Keep redirected STDIN open: 'False'
[2025-11-13 05:54:44Z INFO ProcessInvokerWrapper]   High priority process: 'False'
[2025-11-13 05:54:44Z INFO ProcessInvokerWrapper] Process started with process id 904, waiting for process exit.
[2025-11-13 05:54:44Z INFO ProcessInvokerWrapper] STDOUT/STDERR stream read finished.
[2025-11-13 05:54:44Z INFO ProcessInvokerWrapper] STDOUT/STDERR stream read finished.
[2025-11-13 05:54:44Z INFO ProcessInvokerWrapper] Finished process 904 with exit code 0, and elapsed time 00:00:00.0401798.
[2025-11-13 05:54:44Z INFO StepsRunner] Successfully returned to code page 65001 (UTF8)
[2025-11-13 05:54:44Z INFO HostContext] Well known directory 'Bin': 'C:\Users\hemang.jindal\ai_news\actions-runner\bin'
[2025-11-13 05:54:44Z INFO HostContext] Well known directory 'Root': 'C:\Users\hemang.jindal\ai_news\actions-runner'
[2025-11-13 05:54:44Z INFO HostContext] Well known directory 'Work': 'C:\Users\hemang.jindal\ai_news\actions-runner\_work'
[2025-11-13 05:54:44Z INFO HostContext] Well known directory 'Actions': 'C:\Users\hemang.jindal\ai_news\actions-runner\_work\_actions'
[2025-11-13 05:54:44Z INFO ActionManager] Load action that reference repository from 'C:\Users\hemang.jindal\ai_news\actions-runner\_work\_actions\actions\upload-artifact\v4'
[2025-11-13 05:54:44Z INFO HostContext] Well known directory 'Bin': 'C:\Users\hemang.jindal\ai_news\actions-runner\bin'
[2025-11-13 05:54:44Z INFO HostContext] Well known directory 'Root': 'C:\Users\hemang.jindal\ai_news\actions-runner'
[2025-11-13 05:54:44Z INFO HostContext] Well known directory 'Work': 'C:\Users\hemang.jindal\ai_news\actions-runner\_work'
[2025-11-13 05:54:44Z INFO HostContext] Well known directory 'Actions': 'C:\Users\hemang.jindal\ai_news\actions-runner\_work\_actions'
[2025-11-13 05:54:44Z INFO ActionManifestManager] Ignore action property author.
[2025-11-13 05:54:44Z INFO ActionManifestManager] Loaded action.yml file: {
  "name": "Upload a Build Artifact",
  "description": "Upload a build artifact that can be used by subsequent workflow steps",
  "inputs": {
    "type": 2,
    "map": [
      {
        "key": {
          "type": 0,
          "file": 5,
          "line": 5,
          "col": 3,
          "lit": "name"
        },
        "value": {
          "type": 0,
          "file": 5,
          "line": 7,
          "col": 14,
          "lit": "artifact"
        }
      },
      {
        "key": {
          "type": 0,
          "file": 5,
          "line": 8,
          "col": 3,
          "lit": "path"
        },
        "value": ""
      },
      {
        "key": {
          "type": 0,
          "file": 5,
          "line": 11,
          "col": 3,
          "lit": "if-no-files-found"
        },
        "value": {
          "type": 0,
          "file": 5,
          "line": 19,
          "col": 14,
          "lit": "warn"
        }
      },
      {
        "key": {
          "type": 0,
          "file": 5,
          "line": 20,
          "col": 3,
          "lit": "retention-days"
        },
        "value": ""
      },
      {
        "key": {
          "type": 0,
          "file": 5,
          "line": 26,
          "col": 3,
          "lit": "compression-level"
        },
        "value": {
          "type": 0,
          "file": 5,
          "line": 36,
          "col": 14,
          "lit": "6"
        }
      },
      {
        "key": {
          "type": 0,
          "file": 5,
          "line": 37,
          "col": 3,
          "lit": "overwrite"
        },
        "value": {
          "type": 0,
          "file": 5,
          "line": 42,
          "col": 14,
          "lit": "false"
        }
      },
      {
        "key": {
          "type": 0,
          "file": 5,
          "line": 43,
          "col": 3,
          "lit": "include-hidden-files"
        },
        "value": {
          "type": 0,
          "file": 5,
          "line": 47,
          "col": 14,
          "lit": "false"
        }
      }
    ]
  },
  "execution": {
    "executionType": "nodeJS",
    "hasPre": false,
    "hasPost": false,
    "script": "dist/upload/index.js",
    "pre": null,
    "post": null,
    "nodeVersion": "node20",
    "cleanupCondition": "always()",
    "initCondition": "always()"
  },
  "deprecated": null
}
[2025-11-13 05:54:44Z INFO ActionManager] Action pre node.js file: N/A.
[2025-11-13 05:54:44Z INFO ActionManager] Action node.js file: dist/upload/index.js.
[2025-11-13 05:54:44Z INFO ActionManager] Action post node.js file: N/A.
[2025-11-13 05:54:44Z INFO HostContext] Well known directory 'Bin': 'C:\Users\hemang.jindal\ai_news\actions-runner\bin'
[2025-11-13 05:54:44Z INFO HostContext] Well known directory 'Root': 'C:\Users\hemang.jindal\ai_news\actions-runner'
[2025-11-13 05:54:44Z INFO HostContext] Well known directory 'Work': 'C:\Users\hemang.jindal\ai_news\actions-runner\_work'
[2025-11-13 05:54:44Z INFO HostContext] Well known directory 'Temp': 'C:\Users\hemang.jindal\ai_news\actions-runner\_work\_temp'
[2025-11-13 05:54:44Z INFO ExecutionContext] Write event payload to C:\Users\hemang.jindal\ai_news\actions-runner\_work\_temp\_github_workflow\event.json
[2025-11-13 05:54:44Z INFO HostContext] Well known directory 'Bin': 'C:\Users\hemang.jindal\ai_news\actions-runner\bin'
[2025-11-13 05:54:44Z INFO HostContext] Well known directory 'Root': 'C:\Users\hemang.jindal\ai_news\actions-runner'
[2025-11-13 05:54:44Z INFO HostContext] Well known directory 'Work': 'C:\Users\hemang.jindal\ai_news\actions-runner\_work'
[2025-11-13 05:54:44Z INFO HostContext] Well known directory 'Temp': 'C:\Users\hemang.jindal\ai_news\actions-runner\_work\_temp'
[2025-11-13 05:54:44Z INFO ExtensionManager] Getting extensions for interface: 'GitHub.Runner.Worker.IFileCommandExtension'
[2025-11-13 05:54:44Z INFO ActionManifestManager] Input 'if-no-files-found': default value evaluate result: {
  "type": 0,
  "file": 5,
  "line": 19,
  "col": 14,
  "lit": "warn"
}
[2025-11-13 05:54:44Z INFO ActionManifestManager] Input 'compression-level': default value evaluate result: {
  "type": 0,
  "file": 5,
  "line": 36,
  "col": 14,
  "lit": "6"
}
[2025-11-13 05:54:44Z INFO ActionManifestManager] Input 'overwrite': default value evaluate result: {
  "type": 0,
  "file": 5,
  "line": 42,
  "col": 14,
  "lit": "false"
}
[2025-11-13 05:54:44Z INFO ActionManifestManager] Input 'include-hidden-files': default value evaluate result: {
  "type": 0,
  "file": 5,
  "line": 47,
  "col": 14,
  "lit": "false"
}
[2025-11-13 05:54:44Z INFO ExtensionManager] Getting extensions for interface: 'GitHub.Runner.Worker.IActionCommandExtension'
[2025-11-13 05:54:44Z INFO ActionCommandManager] Register action command extension for command internal-set-repo-path
[2025-11-13 05:54:44Z INFO ActionCommandManager] Register action command extension for command set-env
[2025-11-13 05:54:44Z INFO ActionCommandManager] Register action command extension for command set-output
[2025-11-13 05:54:44Z INFO ActionCommandManager] Register action command extension for command save-state
[2025-11-13 05:54:44Z INFO ActionCommandManager] Register action command extension for command add-path
[2025-11-13 05:54:44Z INFO ActionCommandManager] Register action command extension for command add-mask
[2025-11-13 05:54:44Z INFO ActionCommandManager] Register action command extension for command add-matcher
[2025-11-13 05:54:44Z INFO ActionCommandManager] Register action command extension for command remove-matcher
[2025-11-13 05:54:44Z INFO ActionCommandManager] Register action command extension for command warning
[2025-11-13 05:54:44Z INFO ActionCommandManager] Register action command extension for command error
[2025-11-13 05:54:44Z INFO ActionCommandManager] Register action command extension for command notice
[2025-11-13 05:54:44Z INFO ActionCommandManager] Register action command extension for command debug
[2025-11-13 05:54:44Z INFO ActionCommandManager] Register action command extension for command group
[2025-11-13 05:54:44Z INFO ActionCommandManager] Register action command extension for command endgroup
[2025-11-13 05:54:44Z INFO ActionCommandManager] Register action command extension for command echo
[2025-11-13 05:54:44Z INFO HostContext] Well known directory 'Bin': 'C:\Users\hemang.jindal\ai_news\actions-runner\bin'
[2025-11-13 05:54:44Z INFO HostContext] Well known directory 'Root': 'C:\Users\hemang.jindal\ai_news\actions-runner'
[2025-11-13 05:54:44Z INFO HostContext] Well known directory 'Externals': 'C:\Users\hemang.jindal\ai_news\actions-runner\externals'
[2025-11-13 05:54:44Z INFO ProcessInvokerWrapper] Starting process:
[2025-11-13 05:54:44Z INFO ProcessInvokerWrapper]   File name: 'C:\Users\hemang.jindal\ai_news\actions-runner\externals\node20\bin\node.exe'
[2025-11-13 05:54:44Z INFO ProcessInvokerWrapper]   Arguments: '"C:\Users\hemang.jindal\ai_news\actions-runner\_work\_actions\actions\upload-artifact\v4\dist/upload/index.js"'
[2025-11-13 05:54:44Z INFO ProcessInvokerWrapper]   Working directory: 'C:\Users\hemang.jindal\ai_news\actions-runner\_work\crew-ai-\crew-ai-'
[2025-11-13 05:54:44Z INFO ProcessInvokerWrapper]   Require exit code zero: 'False'
[2025-11-13 05:54:44Z INFO ProcessInvokerWrapper]   Encoding web name: utf-8 ; code page: '65001'
[2025-11-13 05:54:44Z INFO ProcessInvokerWrapper]   Force kill process on cancellation: 'False'
[2025-11-13 05:54:44Z INFO ProcessInvokerWrapper]   Redirected STDIN: 'False'
[2025-11-13 05:54:44Z INFO ProcessInvokerWrapper]   Persist current code page: 'True'
[2025-11-13 05:54:44Z INFO ProcessInvokerWrapper]   Keep redirected STDIN open: 'False'
[2025-11-13 05:54:44Z INFO ProcessInvokerWrapper]   High priority process: 'False'
[2025-11-13 05:54:44Z INFO JobServerQueue] Try to upload 1 log files or attachments, success rate: 1/1.
[2025-11-13 05:54:44Z INFO ProcessInvokerWrapper] Process started with process id 12568, waiting for process exit.
[2025-11-13 05:54:44Z INFO JobServerQueue] Try to append 1 batches web console lines for record '1e798c46-262a-4b5d-a8c3-0f9b87faf326', success rate: 1/1.
[2025-11-13 05:54:44Z INFO JobServerQueue] Try to append 1 batches web console lines for record '8ca89048-3a6a-46ee-a33b-ecc240e84f8f', success rate: 1/1.
[2025-11-13 05:54:44Z INFO ProcessInvokerWrapper] STDOUT/STDERR stream read finished.
[2025-11-13 05:54:44Z INFO ProcessInvokerWrapper] STDOUT/STDERR stream read finished.
[2025-11-13 05:54:44Z INFO ProcessInvokerWrapper] Finished process 12568 with exit code 0, and elapsed time 00:00:00.3991367.
[2025-11-13 05:54:44Z INFO CreateStepSummaryCommand] Step Summary file (C:\Users\hemang.jindal\ai_news\actions-runner\_work\_temp\_runner_file_commands\step_summary_f1fbbff9-c9ad-465c-a70f-72a2c246f183) is empty; skipping attachment upload
[2025-11-13 05:54:44Z INFO StepsRunner] Step result: 
[2025-11-13 05:54:44Z INFO ExecutionContext] Publish step telemetry for current step {
  "action": "actions/upload-artifact",
  "ref": "v4",
  "type": "node20",
  "stage": "Main",
  "stepId": "8ca89048-3a6a-46ee-a33b-ecc240e84f8f",
  "stepContextName": "__actions_upload-artifact",
  "hasPreStep": false,
  "hasPostStep": false,
  "result": "succeeded",
  "errorMessages": [
    "No files were found with the provided path: output/. No artifacts will be uploaded."
  ],
  "executionTimeInSeconds": 1,
  "startTime": "2025-11-13T05:54:44.3609864Z",
  "finishTime": "2025-11-13T05:54:44.8384497Z"
}.
[2025-11-13 05:54:44Z INFO StepsRunner] No need for updating job result with current step result 'Succeeded'.
[2025-11-13 05:54:44Z INFO StepsRunner] Current state: job state = 'Failed'
[2025-11-13 05:54:44Z INFO StepsRunner] Processing step: DisplayName='Post 🐍 Set up Python'
[2025-11-13 05:54:44Z INFO StepsRunner] Evaluating: success()
[2025-11-13 05:54:44Z INFO StepsRunner] Result: false
[2025-11-13 05:54:44Z INFO StepsRunner] Skipping step due to condition evaluation.
[2025-11-13 05:54:44Z INFO StepsRunner] No need for updating job result with current step result 'Skipped'.
[2025-11-13 05:54:44Z INFO StepsRunner] Current state: job state = 'Failed'
[2025-11-13 05:54:44Z INFO StepsRunner] Processing step: DisplayName='Post 📥 Checkout code'
[2025-11-13 05:54:44Z INFO StepsRunner] Evaluating: always()
[2025-11-13 05:54:44Z INFO StepsRunner] Result: true
[2025-11-13 05:54:44Z INFO StepsRunner] Starting the step.
[2025-11-13 05:54:44Z INFO HostContext] Well known directory 'Bin': 'C:\Users\hemang.jindal\ai_news\actions-runner\bin'
[2025-11-13 05:54:44Z INFO HostContext] Well known directory 'Root': 'C:\Users\hemang.jindal\ai_news\actions-runner'
[2025-11-13 05:54:44Z INFO HostContext] Well known directory 'Work': 'C:\Users\hemang.jindal\ai_news\actions-runner\_work'
[2025-11-13 05:54:44Z INFO StepsRunner] Which2: 'chcp'
[2025-11-13 05:54:44Z INFO StepsRunner] Location: 'C:\WINDOWS\system32\chcp.COM'
[2025-11-13 05:54:44Z INFO ProcessInvokerWrapper] Starting process:
[2025-11-13 05:54:44Z INFO ProcessInvokerWrapper]   File name: 'C:\WINDOWS\system32\chcp.COM'
[2025-11-13 05:54:44Z INFO ProcessInvokerWrapper]   Arguments: '65001'
[2025-11-13 05:54:44Z INFO ProcessInvokerWrapper]   Working directory: 'C:\Users\hemang.jindal\ai_news\actions-runner\_work'
[2025-11-13 05:54:44Z INFO ProcessInvokerWrapper]   Require exit code zero: 'False'
[2025-11-13 05:54:44Z INFO ProcessInvokerWrapper]   Encoding web name:  ; code page: ''
[2025-11-13 05:54:44Z INFO ProcessInvokerWrapper]   Force kill process on cancellation: 'False'
[2025-11-13 05:54:44Z INFO ProcessInvokerWrapper]   Redirected STDIN: 'False'
[2025-11-13 05:54:44Z INFO ProcessInvokerWrapper]   Persist current code page: 'True'
[2025-11-13 05:54:44Z INFO ProcessInvokerWrapper]   Keep redirected STDIN open: 'False'
[2025-11-13 05:54:44Z INFO ProcessInvokerWrapper]   High priority process: 'False'
[2025-11-13 05:54:44Z INFO ProcessInvokerWrapper] Process started with process id 10412, waiting for process exit.
[2025-11-13 05:54:44Z INFO ProcessInvokerWrapper] STDOUT/STDERR stream read finished.
[2025-11-13 05:54:44Z INFO ProcessInvokerWrapper] STDOUT/STDERR stream read finished.
[2025-11-13 05:54:44Z INFO ProcessInvokerWrapper] Finished process 10412 with exit code 0, and elapsed time 00:00:00.0392272.
[2025-11-13 05:54:44Z INFO StepsRunner] Successfully returned to code page 65001 (UTF8)
[2025-11-13 05:54:44Z INFO HostContext] Well known directory 'Bin': 'C:\Users\hemang.jindal\ai_news\actions-runner\bin'
[2025-11-13 05:54:44Z INFO HostContext] Well known directory 'Root': 'C:\Users\hemang.jindal\ai_news\actions-runner'
[2025-11-13 05:54:44Z INFO HostContext] Well known directory 'Work': 'C:\Users\hemang.jindal\ai_news\actions-runner\_work'
[2025-11-13 05:54:44Z INFO HostContext] Well known directory 'Actions': 'C:\Users\hemang.jindal\ai_news\actions-runner\_work\_actions'
[2025-11-13 05:54:44Z INFO ActionManager] Load action that reference repository from 'C:\Users\hemang.jindal\ai_news\actions-runner\_work\_actions\actions\checkout\v4'
[2025-11-13 05:54:44Z INFO HostContext] Well known directory 'Bin': 'C:\Users\hemang.jindal\ai_news\actions-runner\bin'
[2025-11-13 05:54:44Z INFO HostContext] Well known directory 'Root': 'C:\Users\hemang.jindal\ai_news\actions-runner'
[2025-11-13 05:54:44Z INFO HostContext] Well known directory 'Work': 'C:\Users\hemang.jindal\ai_news\actions-runner\_work'
[2025-11-13 05:54:44Z INFO HostContext] Well known directory 'Actions': 'C:\Users\hemang.jindal\ai_news\actions-runner\_work\_actions'
[2025-11-13 05:54:44Z INFO ActionManifestManager] Loaded action.yml file: {
  "name": "Checkout",
  "description": "Checkout a Git repository at a particular version",
  "inputs": {
    "type": 2,
    "map": [
      {
        "key": {
          "type": 0,
          "file": 2,
          "line": 4,
          "col": 3,
          "lit": "repository"
        },
        "value": {
          "type": 3,
          "file": 2,
          "line": 6,
          "col": 14,
          "expr": "github.repository"
        }
      },
      {
        "key": {
          "type": 0,
          "file": 2,
          "line": 7,
          "col": 3,
          "lit": "ref"
        },
        "value": ""
      },
      {
        "key": {
          "type": 0,
          "file": 2,
          "line": 12,
          "col": 3,
          "lit": "token"
        },
        "value": {
          "type": 3,
          "file": 2,
          "line": 24,
          "col": 14,
          "expr": "github.token"
        }
      },
      {
        "key": {
          "type": 0,
          "file": 2,
          "line": 25,
          "col": 3,
          "lit": "ssh-key"
        },
        "value": ""
      },
      {
        "key": {
          "type": 0,
          "file": 2,
          "line": 37,
          "col": 3,
          "lit": "ssh-known-hosts"
        },
        "value": ""
      },
      {
        "key": {
          "type": 0,
          "file": 2,
          "line": 42,
          "col": 3,
          "lit": "ssh-strict"
        },
        "value": {
          "type": 0,
          "file": 2,
          "line": 47,
          "col": 14,
          "lit": "true"
        }
      },
      {
        "key": {
          "type": 0,
          "file": 2,
          "line": 48,
          "col": 3,
          "lit": "ssh-user"
        },
        "value": {
          "type": 0,
          "file": 2,
          "line": 51,
          "col": 14,
          "lit": "git"
        }
      },
      {
        "key": {
          "type": 0,
          "file": 2,
          "line": 52,
          "col": 3,
          "lit": "persist-credentials"
        },
        "value": {
          "type": 0,
          "file": 2,
          "line": 54,
          "col": 14,
          "lit": "true"
        }
      },
      {
        "key": {
          "type": 0,
          "file": 2,
          "line": 55,
          "col": 3,
          "lit": "path"
        },
        "value": ""
      },
      {
        "key": {
          "type": 0,
          "file": 2,
          "line": 57,
          "col": 3,
          "lit": "clean"
        },
        "value": {
          "type": 0,
          "file": 2,
          "line": 59,
          "col": 14,
          "lit": "true"
        }
      },
      {
        "key": {
          "type": 0,
          "file": 2,
          "line": 60,
          "col": 3,
          "lit": "filter"
        },
        "value": {
          "type": 0,
          "file": 2,
          "line": 64,
          "col": 14,
          "lit": ""
        }
      },
      {
        "key": {
          "type": 0,
          "file": 2,
          "line": 65,
          "col": 3,
          "lit": "sparse-checkout"
        },
        "value": {
          "type": 0,
          "file": 2,
          "line": 69,
          "col": 14,
          "lit": ""
        }
      },
      {
        "key": {
          "type": 0,
          "file": 2,
          "line": 70,
          "col": 3,
          "lit": "sparse-checkout-cone-mode"
        },
        "value": {
          "type": 0,
          "file": 2,
          "line": 73,
          "col": 14,
          "lit": "true"
        }
      },
      {
        "key": {
          "type": 0,
          "file": 2,
          "line": 74,
          "col": 3,
          "lit": "fetch-depth"
        },
        "value": {
          "type": 0,
          "file": 2,
          "line": 76,
          "col": 14,
          "lit": "1"
        }
      },
      {
        "key": {
          "type": 0,
          "file": 2,
          "line": 77,
          "col": 3,
          "lit": "fetch-tags"
        },
        "value": {
          "type": 0,
          "file": 2,
          "line": 79,
          "col": 14,
          "lit": "false"
        }
      },
      {
        "key": {
          "type": 0,
          "file": 2,
          "line": 80,
          "col": 3,
          "lit": "show-progress"
        },
        "value": {
          "type": 0,
          "file": 2,
          "line": 82,
          "col": 14,
          "lit": "true"
        }
      },
      {
        "key": {
          "type": 0,
          "file": 2,
          "line": 83,
          "col": 3,
          "lit": "lfs"
        },
        "value": {
          "type": 0,
          "file": 2,
          "line": 85,
          "col": 14,
          "lit": "false"
        }
      },
      {
        "key": {
          "type": 0,
          "file": 2,
          "line": 86,
          "col": 3,
          "lit": "submodules"
        },
        "value": {
          "type": 0,
          "file": 2,
          "line": 94,
          "col": 14,
          "lit": "false"
        }
      },
      {
        "key": {
          "type": 0,
          "file": 2,
          "line": 95,
          "col": 3,
          "lit": "set-safe-directory"
        },
        "value": {
          "type": 0,
          "file": 2,
          "line": 97,
          "col": 14,
          "lit": "true"
        }
      },
      {
        "key": {
          "type": 0,
          "file": 2,
          "line": 98,
          "col": 3,
          "lit": "github-server-url"
        },
        "value": ""
      }
    ]
  },
  "execution": {
    "executionType": "nodeJS",
    "hasPre": false,
    "hasPost": true,
    "script": "dist/index.js",
    "pre": null,
    "post": "dist/index.js",
    "nodeVersion": "node20",
    "cleanupCondition": "always()",
    "initCondition": "always()"
  },
  "deprecated": null
}
[2025-11-13 05:54:44Z INFO ActionManager] Action pre node.js file: N/A.
[2025-11-13 05:54:44Z INFO ActionManager] Action node.js file: dist/index.js.
[2025-11-13 05:54:44Z INFO ActionManager] Action post node.js file: dist/index.js.
[2025-11-13 05:54:44Z INFO HostContext] Well known directory 'Bin': 'C:\Users\hemang.jindal\ai_news\actions-runner\bin'
[2025-11-13 05:54:44Z INFO HostContext] Well known directory 'Root': 'C:\Users\hemang.jindal\ai_news\actions-runner'
[2025-11-13 05:54:44Z INFO HostContext] Well known directory 'Work': 'C:\Users\hemang.jindal\ai_news\actions-runner\_work'
[2025-11-13 05:54:44Z INFO HostContext] Well known directory 'Temp': 'C:\Users\hemang.jindal\ai_news\actions-runner\_work\_temp'
[2025-11-13 05:54:44Z INFO ExecutionContext] Write event payload to C:\Users\hemang.jindal\ai_news\actions-runner\_work\_temp\_github_workflow\event.json
[2025-11-13 05:54:44Z INFO HostContext] Well known directory 'Bin': 'C:\Users\hemang.jindal\ai_news\actions-runner\bin'
[2025-11-13 05:54:44Z INFO HostContext] Well known directory 'Root': 'C:\Users\hemang.jindal\ai_news\actions-runner'
[2025-11-13 05:54:44Z INFO HostContext] Well known directory 'Work': 'C:\Users\hemang.jindal\ai_news\actions-runner\_work'
[2025-11-13 05:54:44Z INFO HostContext] Well known directory 'Temp': 'C:\Users\hemang.jindal\ai_news\actions-runner\_work\_temp'
[2025-11-13 05:54:44Z INFO ExtensionManager] Getting extensions for interface: 'GitHub.Runner.Worker.IFileCommandExtension'
[2025-11-13 05:54:44Z INFO ActionManifestManager] Input 'repository': default value evaluate result: {
  "type": 0,
  "file": 2,
  "line": 6,
  "col": 14,
  "lit": "HemangJindal07/crew-ai-"
}
[2025-11-13 05:54:44Z INFO ActionManifestManager] Input 'ref': default value evaluate result: ""
[2025-11-13 05:54:44Z INFO ActionManifestManager] Input 'token': default value evaluate result: {
  "type": 0,
  "file": 2,
  "line": 24,
  "col": 14,
  "lit": "***"
}
[2025-11-13 05:54:44Z INFO ActionManifestManager] Input 'ssh-key': default value evaluate result: ""
[2025-11-13 05:54:44Z INFO ActionManifestManager] Input 'ssh-known-hosts': default value evaluate result: ""
[2025-11-13 05:54:44Z INFO ActionManifestManager] Input 'ssh-strict': default value evaluate result: {
  "type": 0,
  "file": 2,
  "line": 47,
  "col": 14,
  "lit": "true"
}
[2025-11-13 05:54:44Z INFO ActionManifestManager] Input 'ssh-user': default value evaluate result: {
  "type": 0,
  "file": 2,
  "line": 51,
  "col": 14,
  "lit": "git"
}
[2025-11-13 05:54:44Z INFO ActionManifestManager] Input 'persist-credentials': default value evaluate result: {
  "type": 0,
  "file": 2,
  "line": 54,
  "col": 14,
  "lit": "true"
}
[2025-11-13 05:54:44Z INFO ActionManifestManager] Input 'path': default value evaluate result: ""
[2025-11-13 05:54:44Z INFO ActionManifestManager] Input 'clean': default value evaluate result: {
  "type": 0,
  "file": 2,
  "line": 59,
  "col": 14,
  "lit": "true"
}
[2025-11-13 05:54:44Z INFO ActionManifestManager] Input 'filter': default value evaluate result: {
  "type": 0,
  "file": 2,
  "line": 64,
  "col": 14,
  "lit": ""
}
[2025-11-13 05:54:44Z INFO ActionManifestManager] Input 'sparse-checkout': default value evaluate result: {
  "type": 0,
  "file": 2,
  "line": 69,
  "col": 14,
  "lit": ""
}
[2025-11-13 05:54:44Z INFO ActionManifestManager] Input 'sparse-checkout-cone-mode': default value evaluate result: {
  "type": 0,
  "file": 2,
  "line": 73,
  "col": 14,
  "lit": "true"
}
[2025-11-13 05:54:44Z INFO ActionManifestManager] Input 'fetch-depth': default value evaluate result: {
  "type": 0,
  "file": 2,
  "line": 76,
  "col": 14,
  "lit": "1"
}
[2025-11-13 05:54:44Z INFO ActionManifestManager] Input 'fetch-tags': default value evaluate result: {
  "type": 0,
  "file": 2,
  "line": 79,
  "col": 14,
  "lit": "false"
}
[2025-11-13 05:54:44Z INFO ActionManifestManager] Input 'show-progress': default value evaluate result: {
  "type": 0,
  "file": 2,
  "line": 82,
  "col": 14,
  "lit": "true"
}
[2025-11-13 05:54:44Z INFO ActionManifestManager] Input 'lfs': default value evaluate result: {
  "type": 0,
  "file": 2,
  "line": 85,
  "col": 14,
  "lit": "false"
}
[2025-11-13 05:54:44Z INFO ActionManifestManager] Input 'submodules': default value evaluate result: {
  "type": 0,
  "file": 2,
  "line": 94,
  "col": 14,
  "lit": "false"
}
[2025-11-13 05:54:44Z INFO ActionManifestManager] Input 'set-safe-directory': default value evaluate result: {
  "type": 0,
  "file": 2,
  "line": 97,
  "col": 14,
  "lit": "true"
}
[2025-11-13 05:54:44Z INFO ActionManifestManager] Input 'github-server-url': default value evaluate result: ""
[2025-11-13 05:54:44Z INFO ExtensionManager] Getting extensions for interface: 'GitHub.Runner.Worker.IActionCommandExtension'
[2025-11-13 05:54:44Z INFO ActionCommandManager] Register action command extension for command internal-set-repo-path
[2025-11-13 05:54:44Z INFO ActionCommandManager] Register action command extension for command set-env
[2025-11-13 05:54:44Z INFO ActionCommandManager] Register action command extension for command set-output
[2025-11-13 05:54:44Z INFO ActionCommandManager] Register action command extension for command save-state
[2025-11-13 05:54:44Z INFO ActionCommandManager] Register action command extension for command add-path
[2025-11-13 05:54:44Z INFO ActionCommandManager] Register action command extension for command add-mask
[2025-11-13 05:54:44Z INFO ActionCommandManager] Register action command extension for command add-matcher
[2025-11-13 05:54:44Z INFO ActionCommandManager] Register action command extension for command remove-matcher
[2025-11-13 05:54:44Z INFO ActionCommandManager] Register action command extension for command warning
[2025-11-13 05:54:44Z INFO ActionCommandManager] Register action command extension for command error
[2025-11-13 05:54:44Z INFO ActionCommandManager] Register action command extension for command notice
[2025-11-13 05:54:44Z INFO ActionCommandManager] Register action command extension for command debug
[2025-11-13 05:54:44Z INFO ActionCommandManager] Register action command extension for command group
[2025-11-13 05:54:44Z INFO ActionCommandManager] Register action command extension for command endgroup
[2025-11-13 05:54:44Z INFO ActionCommandManager] Register action command extension for command echo
[2025-11-13 05:54:44Z INFO HostContext] Well known directory 'Bin': 'C:\Users\hemang.jindal\ai_news\actions-runner\bin'
[2025-11-13 05:54:44Z INFO HostContext] Well known directory 'Root': 'C:\Users\hemang.jindal\ai_news\actions-runner'
[2025-11-13 05:54:44Z INFO HostContext] Well known directory 'Externals': 'C:\Users\hemang.jindal\ai_news\actions-runner\externals'
[2025-11-13 05:54:44Z INFO ProcessInvokerWrapper] Starting process:
[2025-11-13 05:54:44Z INFO ProcessInvokerWrapper]   File name: 'C:\Users\hemang.jindal\ai_news\actions-runner\externals\node20\bin\node.exe'
[2025-11-13 05:54:44Z INFO ProcessInvokerWrapper]   Arguments: '"C:\Users\hemang.jindal\ai_news\actions-runner\_work\_actions\actions\checkout\v4\dist/index.js"'
[2025-11-13 05:54:44Z INFO ProcessInvokerWrapper]   Working directory: 'C:\Users\hemang.jindal\ai_news\actions-runner\_work\crew-ai-\crew-ai-'
[2025-11-13 05:54:44Z INFO ProcessInvokerWrapper]   Require exit code zero: 'False'
[2025-11-13 05:54:44Z INFO ProcessInvokerWrapper]   Encoding web name: utf-8 ; code page: '65001'
[2025-11-13 05:54:44Z INFO ProcessInvokerWrapper]   Force kill process on cancellation: 'False'
[2025-11-13 05:54:44Z INFO ProcessInvokerWrapper]   Redirected STDIN: 'False'
[2025-11-13 05:54:44Z INFO ProcessInvokerWrapper]   Persist current code page: 'True'
[2025-11-13 05:54:44Z INFO ProcessInvokerWrapper]   Keep redirected STDIN open: 'False'
[2025-11-13 05:54:44Z INFO ProcessInvokerWrapper]   High priority process: 'False'
[2025-11-13 05:54:44Z INFO ProcessInvokerWrapper] Process started with process id 12956, waiting for process exit.
[2025-11-13 05:54:45Z INFO JobServerQueue] Got a step log file to send to results service.
[2025-11-13 05:54:45Z INFO JobServerQueue] Starting upload of step log file to results service ResultsLog, C:\Users\hemang.jindal\ai_news\actions-runner\_diag\blocks\de345fa1-a5b1-4896-8942-c6af5eaaa428_1e798c46-262a-4b5d-a8c3-0f9b87faf326.1
[2025-11-13 05:54:45Z INFO JobServerQueue] Try to append 1 batches web console lines for record '8ca89048-3a6a-46ee-a33b-ecc240e84f8f', success rate: 1/1.
[2025-11-13 05:54:45Z INFO JobServerQueue] Try to append 1 batches web console lines for record 'e6c768ef-a345-4af7-a129-bf392a7bdd24', success rate: 1/1.
[2025-11-13 05:54:45Z INFO AddMaskCommandExtension] Add new secret mask with length of 32
[2025-11-13 05:54:45Z INFO JobServerQueue] Try to upload 1 log files or attachments, success rate: 1/1.
[2025-11-13 05:54:45Z INFO JobServerQueue] Try to append 1 batches web console lines for record 'e6c768ef-a345-4af7-a129-bf392a7bdd24', success rate: 1/1.
[2025-11-13 05:54:46Z INFO JobServerQueue] Got a step log file to send to results service.
[2025-11-13 05:54:46Z INFO JobServerQueue] Starting upload of step log file to results service ResultsLog, C:\Users\hemang.jindal\ai_news\actions-runner\_diag\blocks\de345fa1-a5b1-4896-8942-c6af5eaaa428_8ca89048-3a6a-46ee-a33b-ecc240e84f8f.1
[2025-11-13 05:54:47Z INFO JobServerQueue] Tried to upload 2 file(s) to results, success rate: 2/2.
[2025-11-13 05:54:49Z INFO JobServerQueue] Try to append 1 batches web console lines for record 'e6c768ef-a345-4af7-a129-bf392a7bdd24', success rate: 1/1.
[2025-11-13 05:54:49Z INFO JobServerQueue] Try to append 1 batches web console lines for record 'e6c768ef-a345-4af7-a129-bf392a7bdd24', success rate: 1/1.
[2025-11-13 05:54:50Z INFO HostContext] Well known directory 'Bin': 'C:\Users\hemang.jindal\ai_news\actions-runner\bin'
[2025-11-13 05:54:50Z INFO HostContext] Well known directory 'Root': 'C:\Users\hemang.jindal\ai_news\actions-runner'
[2025-11-13 05:54:50Z INFO HostContext] Well known directory 'Work': 'C:\Users\hemang.jindal\ai_news\actions-runner\_work'
[2025-11-13 05:54:52Z INFO ProcessInvokerWrapper] STDOUT/STDERR stream read finished.
[2025-11-13 05:54:52Z INFO ProcessInvokerWrapper] STDOUT/STDERR stream read finished.
[2025-11-13 05:54:52Z INFO ProcessInvokerWrapper] Finished process 12956 with exit code 0, and elapsed time 00:00:07.2783019.
[2025-11-13 05:54:52Z INFO CreateStepSummaryCommand] Step Summary file (C:\Users\hemang.jindal\ai_news\actions-runner\_work\_temp\_runner_file_commands\step_summary_06f4f296-5287-439b-9f54-fdd8ab3b27da) is empty; skipping attachment upload
[2025-11-13 05:54:52Z INFO StepsRunner] Step result: 
[2025-11-13 05:54:52Z INFO ExecutionContext] Publish step telemetry for current step {
  "action": "actions/checkout",
  "ref": "v4",
  "type": "node20",
  "stage": "Post",
  "stepId": "e6c768ef-a345-4af7-a129-bf392a7bdd24",
  "result": "succeeded",
  "errorMessages": [],
  "executionTimeInSeconds": 8,
  "startTime": "2025-11-13T05:54:44.847103Z",
  "finishTime": "2025-11-13T05:54:52.2052565Z"
}.
[2025-11-13 05:54:52Z INFO StepsRunner] No need for updating job result with current step result 'Succeeded'.
[2025-11-13 05:54:52Z INFO StepsRunner] Current state: job state = 'Failed'
[2025-11-13 05:54:52Z INFO JobRunner] Finalize job.
[2025-11-13 05:54:52Z INFO HostContext] Well known directory 'Bin': 'C:\Users\hemang.jindal\ai_news\actions-runner\bin'
[2025-11-13 05:54:52Z INFO HostContext] Well known directory 'Root': 'C:\Users\hemang.jindal\ai_news\actions-runner'
[2025-11-13 05:54:52Z INFO HostContext] Well known directory 'Diag': 'C:\Users\hemang.jindal\ai_news\actions-runner\_diag'
[2025-11-13 05:54:52Z INFO HostContext] Well known directory 'Bin': 'C:\Users\hemang.jindal\ai_news\actions-runner\bin'
[2025-11-13 05:54:52Z INFO HostContext] Well known directory 'Root': 'C:\Users\hemang.jindal\ai_news\actions-runner'
[2025-11-13 05:54:52Z INFO HostContext] Well known directory 'Diag': 'C:\Users\hemang.jindal\ai_news\actions-runner\_diag'
[2025-11-13 05:54:52Z INFO JobExtension] Initialize Env context
[2025-11-13 05:54:52Z INFO JobExtension] Initialize steps context
[2025-11-13 05:54:52Z INFO JobExtension] Total accessible running process: 297.
[2025-11-13 05:54:52Z INFO JobExtension] Inspecting process environment variables. PID: 21692 (WmiPrvSE)
[2025-11-13 05:54:52Z WARN JobExtension] Ignore exception during read process environment variables: Access is denied.
[2025-11-13 05:54:52Z INFO JobExtension] Inspecting process environment variables. PID: 12176 (svchost)
[2025-11-13 05:54:52Z WARN JobExtension] Ignore exception during read process environment variables: Access is denied.
[2025-11-13 05:54:52Z INFO ExecutionContext] Publish step telemetry for current step {
  "action": "complete_job",
  "type": "runner",
  "stage": "Post",
  "stepId": "4b7a088a-792a-499d-aedd-6c3ae74c6956",
  "result": "succeeded",
  "errorMessages": [],
  "executionTimeInSeconds": 1,
  "startTime": "2025-11-13T05:54:52.2162137Z",
  "finishTime": "2025-11-13T05:54:52.2463284Z"
}.
[2025-11-13 05:54:52Z INFO JobRunner] Job result after all job steps finish: Failed
[2025-11-13 05:54:52Z INFO JobRunner] Completing the job execution context.
[2025-11-13 05:54:52Z INFO JobRunner] Shutting down the job server queue.
[2025-11-13 05:54:52Z INFO JobServerQueue] Fire signal to shutdown all queues.
[2025-11-13 05:54:52Z INFO JobServerQueue] All queue process task stopped.
[2025-11-13 05:54:52Z INFO JobServerQueue] Try to append 1 batches web console lines for record '4b7a088a-792a-499d-aedd-6c3ae74c6956', success rate: 1/1.
[2025-11-13 05:54:52Z INFO JobServerQueue] Web console line queue drained.
[2025-11-13 05:54:52Z INFO JobServerQueue] Uploading 3 files in one shot.
[2025-11-13 05:54:52Z INFO JobServerQueue] Try to upload 3 log files or attachments, success rate: 3/3.
[2025-11-13 05:54:52Z INFO JobServerQueue] File upload queue drained.
[2025-11-13 05:54:52Z INFO JobServerQueue] Starting results-based upload queue...
[2025-11-13 05:54:52Z INFO JobServerQueue] Uploading 3 file(s) in one shot through results service.
[2025-11-13 05:54:52Z INFO JobServerQueue] Got a step log file to send to results service.
[2025-11-13 05:54:52Z INFO JobServerQueue] Starting upload of step log file to results service ResultsLog, C:\Users\hemang.jindal\ai_news\actions-runner\_diag\blocks\de345fa1-a5b1-4896-8942-c6af5eaaa428_e6c768ef-a345-4af7-a129-bf392a7bdd24.1
[2025-11-13 05:54:53Z INFO JobServerQueue] Got a step log file to send to results service.
[2025-11-13 05:54:53Z INFO JobServerQueue] Starting upload of step log file to results service ResultsLog, C:\Users\hemang.jindal\ai_news\actions-runner\_diag\blocks\de345fa1-a5b1-4896-8942-c6af5eaaa428_4b7a088a-792a-499d-aedd-6c3ae74c6956.1
[2025-11-13 05:54:54Z INFO JobServerQueue] Got a job log file to send to results service.
[2025-11-13 05:54:54Z INFO JobServerQueue] Starting upload of job log file to results service ResultsLog, C:\Users\hemang.jindal\ai_news\actions-runner\_diag\blocks\de345fa1-a5b1-4896-8942-c6af5eaaa428_5594781e-653a-5d01-9577-2be474ba1e1c.1
[2025-11-13 05:54:55Z INFO JobServerQueue] Tried to upload 3 file(s) to results, success rate: 3/3.
[2025-11-13 05:54:55Z INFO JobServerQueue] Results upload queue drained.
[2025-11-13 05:54:55Z INFO JobServerQueue] Timeline update queue drained.
[2025-11-13 05:54:55Z INFO JobServerQueue] Disposing job server ...
[2025-11-13 05:54:55Z INFO JobServerQueue] Disposing results server ...
[2025-11-13 05:54:55Z INFO JobServerQueue] All queue process tasks have been stopped, and all queues are drained.
[2025-11-13 05:54:55Z INFO TempDirectoryManager] Cleaning runner temp folder: C:\Users\hemang.jindal\ai_news\actions-runner\_work\_temp
[2025-11-13 05:54:55Z INFO HostContext] Well known directory 'Bin': 'C:\Users\hemang.jindal\ai_news\actions-runner\bin'
[2025-11-13 05:54:55Z INFO HostContext] Well known directory 'Root': 'C:\Users\hemang.jindal\ai_news\actions-runner'
[2025-11-13 05:54:55Z INFO HostContext] Well known directory 'Diag': 'C:\Users\hemang.jindal\ai_news\actions-runner\_diag'
[2025-11-13 05:54:55Z INFO HostContext] Well known config file 'Telemetry': 'C:\Users\hemang.jindal\ai_news\actions-runner\_diag\.telemetry'
[2025-11-13 05:54:55Z INFO JobRunner] Raising job completed against run service
[2025-11-13 05:54:56Z INFO Worker] Job completed.
